Device_ID,State_of_Health_%,Cycle_Count,Charge_%,Charge_Current,SW_Version
902,1,2,1,1054,V10.2.1
902,1,2,2,1054,V10.2.1
902,1,2,3,1054,V10.2.1
902,1,2,4,1054,V10.2.1
902,1,2,5,1054,V10.2.1
902,1,2,6,976,V10.2.1
902,1,2,7,985,V10.2.1
902,1,2,8,985,V10.2.1
902,1,2,9,985,V10.2.1
902,1,2,10,995,V10.2.1
902,1,2,11,995,V10.2.1
902,1,2,12,995,V10.2.1
902,1,2,13,995,V10.2.1
902,1,2,14,995,V10.2.1
902,1,2,15,1005,V10.2.1
902,1,2,16,1005,V10.2.1
902,1,2,17,1005,V10.2.1
902,1,2,18,1005,V10.2.1
902,1,2,19,1005,V10.2.1
902,1,2,20,1005,V10.2.1
902,1,2,21,1005,V10.2.1
902,1,2,22,1005,V10.2.1
902,1,2,23,1005,V10.2.1
902,1,2,24,1005,V10.2.1
902,1,2,25,1005,V10.2.1
902,1,2,26,1005,V10.2.1
902,1,2,27,1005,V10.2.1
902,1,2,28,1005,V10.2.1
902,1,2,29,1005,V10.2.1
902,1,2,30,1005,V10.2.1
902,1,2,31,1015,V10.2.1
902,1,2,32,1015,V10.2.1
902,1,2,33,1015,V10.2.1
902,1,2,34,1015,V10.2.1
902,1,2,35,1015,V10.2.1
902,1,2,36,1015,V10.2.1
902,1,2,37,1015,V10.2.1
902,1,2,38,1015,V10.2.1
902,1,2,39,1015,V10.2.1
902,1,2,40,1024,V10.2.1
902,1,2,41,1015,V10.2.1
902,1,2,42,1024,V10.2.1
902,1,2,43,1024,V10.2.1
902,1,2,44,1024,V10.2.1
902,1,2,45,1024,V10.2.1
902,1,2,46,1024,V10.2.1
902,1,2,47,1024,V10.2.1
902,1,2,48,1034,V10.2.1
902,1,2,49,1034,V10.2.1
902,1,2,50,1024,V10.2.1
902,1,2,51,1024,V10.2.1
902,1,2,52,1034,V10.2.1
902,1,2,53,1034,V10.2.1
902,1,2,54,1034,V10.2.1
902,1,2,55,1044,V10.2.1
902,1,2,56,1044,V10.2.1
902,1,2,57,1044,V10.2.1
902,1,2,58,1044,V10.2.1
902,1,2,59,1019.5,V10.2.1
902,1,2,60,976,V10.2.1
902,1,2,61,936,V10.2.1
902,1,2,62,888,V10.2.1
902,1,2,63,839,V10.2.1
902,1,2,64,790,V10.2.1
902,1,2,65,780,V10.2.1
902,1,2,66,780,V10.2.1
902,1,2,67,790,V10.2.1
902,1,2,68,790,V10.2.1
902,1,2,69,790,V10.2.1
902,1,2,70,790,V10.2.1
902,1,2,71,790,V10.2.1
902,1,2,72,790,V10.2.1
902,1,2,73,800,V10.2.1
902,1,2,74,800,V10.2.1
902,1,2,75,775.5,V10.2.1
902,1,2,76,702,V10.2.1
902,1,2,77,653,V10.2.1
902,1,2,78,634,V10.2.1
902,1,2,79,634,V10.2.1
902,1,2,80,634,V10.2.1
902,1,2,81,653,V10.2.1
902,1,2,82,1503,V10.2.1
902,1,2,83,1483,V10.2.1
902,1,2,84,644,V10.2.1
902,1,2,85,644,V10.2.1
902,1,2,86,644,V10.2.1
902,1,2,87,644,V10.2.1
902,1,2,88,653,V10.2.1
902,1,2,89,653,V10.2.1
902,1,2,90,653,V10.2.1
902,1,2,91,605,V10.2.1
902,1,2,92,512,V10.2.1
902,1,2,93,448,V10.2.1
902,1,2,94,380,V10.2.1
902,1,2,95,312,V10.2.1
902,1,2,96,263,V10.2.1
902,1,2,97,204,V10.2.1
902,1,2,98,146,V10.2.1
902,1,2,99,97,V10.2.1
902,1,2,100,29,V10.2.1
1632,1,11,1,1171,V10.2.1
1632,1,11,2,1171,V10.2.1
1632,1,11,3,1171,V10.2.1
1632,1,11,4,1171,V10.2.1
1632,1,11,5,1171,V10.2.1
1632,1,11,6,1117,V10.2.1
1632,1,11,7,1005,V10.2.1
1632,1,11,8,1005,V10.2.1
1632,1,11,9,1005,V10.2.1
1632,1,11,10,1005,V10.2.1
1632,1,11,11,1005,V10.2.1
1632,1,11,12,1005,V10.2.1
1632,1,11,13,1005,V10.2.1
1632,1,11,14,1015,V10.2.1
1632,1,11,15,1015,V10.2.1
1632,1,11,16,1015,V10.2.1
1632,1,11,17,1015,V10.2.1
1632,1,11,18,1015,V10.2.1
1632,1,11,19,1015,V10.2.1
1632,1,11,20,1015,V10.2.1
1632,1,11,21,1015,V10.2.1
1632,1,11,22,1024,V10.2.1
1632,1,11,23,1024,V10.2.1
1632,1,11,24,1024,V10.2.1
1632,1,11,25,1024,V10.2.1
1632,1,11,26,1024,V10.2.1
1632,1,11,27,1024,V10.2.1
1632,1,11,28,1024,V10.2.1
1632,1,11,29,1024,V10.2.1
1632,1,11,30,1024,V10.2.1
1632,1,11,31,1024,V10.2.1
1632,1,11,32,1024,V10.2.1
1632,1,11,33,1024,V10.2.1
1632,1,11,34,1024,V10.2.1
1632,1,11,35,1024,V10.2.1
1632,1,11,36,1024,V10.2.1
1632,1,11,37,1034,V10.2.1
1632,1,11,38,1034,V10.2.1
1632,1,11,39,1034,V10.2.1
1632,1,11,40,1044,V10.2.1
1632,1,11,41,1034,V10.2.1
1632,1,11,42,1044,V10.2.1
1632,1,11,43,1044,V10.2.1
1632,1,11,44,1044,V10.2.1
1632,1,11,45,1044,V10.2.1
1632,1,11,46,1044,V10.2.1
1632,1,11,47,1044,V10.2.1
1632,1,11,48,1044,V10.2.1
1632,1,11,49,1044,V10.2.1
1632,1,11,50,1054,V10.2.1
1632,1,11,51,1054,V10.2.1
1632,1,11,52,1054,V10.2.1
1632,1,11,53,1054,V10.2.1
1632,1,11,54,1054,V10.2.1
1632,1,11,55,1054,V10.2.1
1632,1,11,56,1054,V10.2.1
1632,1,11,57,1044,V10.2.1
1632,1,11,58,995,V10.2.1
1632,1,11,59,946,V10.2.1
1632,1,11,60,897,V10.2.1
1632,1,11,61,849,V10.2.1
1632,1,11,62,800,V10.2.1
1632,1,11,63,780,V10.2.1
1632,1,11,64,780,V10.2.1
1632,1,11,65,780,V10.2.1
1632,1,11,66,780,V10.2.1
1632,1,11,67,790,V10.2.1
1632,1,11,68,790,V10.2.1
1632,1,11,69,790,V10.2.1
1632,1,11,70,790,V10.2.1
1632,1,11,71,790,V10.2.1
1632,1,11,72,800,V10.2.1
1632,1,11,73,800,V10.2.1
1632,1,11,74,761,V10.2.1
1632,1,11,75,692,V10.2.1
1632,1,11,76,634,V10.2.1
1632,1,11,77,634,V10.2.1
1632,1,11,78,644,V10.2.1
1632,1,11,79,644,V10.2.1
1632,1,11,80,644,V10.2.1
1632,1,11,81,663,V10.2.1
1632,1,11,82,692,V10.2.1
1632,1,11,83,1542,V10.2.1
1632,1,11,84,653,V10.2.1
1632,1,11,85,653,V10.2.1
1632,1,11,86,653,V10.2.1
1632,1,11,87,653,V10.2.1
1632,1,11,88,653,V10.2.1
1632,1,11,89,653,V10.2.1
1632,1,11,90,561,V10.2.1
1632,1,11,91,488,V10.2.1
1632,1,11,92,414,V10.2.1
1632,1,11,93,331,V10.2.1
1632,1,11,94,273,V10.2.1
1632,1,11,95,214,V10.2.1
1632,1,11,96,156,V10.2.1
1632,1,11,97,117,V10.2.1
1632,1,11,98,68,V10.2.1
1632,1,11,99,29,V10.2.1
1632,1,11,100,29,V10.2.1
8020,1,3,1,1083,V10.2.1
8020,1,3,2,1083,V10.2.1
8020,1,3,3,1083,V10.2.1
8020,1,3,4,1083,V10.2.1
8020,1,3,5,1005,V10.2.1
8020,1,3,6,1005,V10.2.1
8020,1,3,7,1005,V10.2.1
8020,1,3,8,1005,V10.2.1
8020,1,3,9,1005,V10.2.1
8020,1,3,10,1005,V10.2.1
8020,1,3,11,1005,V10.2.1
8020,1,3,12,1005,V10.2.1
8020,1,3,13,1005,V10.2.1
8020,1,3,14,1015,V10.2.1
8020,1,3,15,1015,V10.2.1
8020,1,3,16,1015,V10.2.1
8020,1,3,17,1015,V10.2.1
8020,1,3,18,1015,V10.2.1
8020,1,3,19,1015,V10.2.1
8020,1,3,20,1024,V10.2.1
8020,1,3,21,1024,V10.2.1
8020,1,3,22,1024,V10.2.1
8020,1,3,23,1024,V10.2.1
8020,1,3,24,1024,V10.2.1
8020,1,3,25,1024,V10.2.1
8020,1,3,26,1024,V10.2.1
8020,1,3,27,1024,V10.2.1
8020,1,3,28,1024,V10.2.1
8020,1,3,29,1024,V10.2.1
8020,1,3,30,1024,V10.2.1
8020,1,3,31,1034,V10.2.1
8020,1,3,32,1034,V10.2.1
8020,1,3,33,1044,V10.2.1
8020,1,3,34,1044,V10.2.1
8020,1,3,35,1044,V10.2.1
8020,1,3,36,1034,V10.2.1
8020,1,3,37,1044,V10.2.1
8020,1,3,38,1044,V10.2.1
8020,1,3,39,1044,V10.2.1
8020,1,3,40,1044,V10.2.1
8020,1,3,41,1044,V10.2.1
8020,1,3,42,1044,V10.2.1
8020,1,3,43,1054,V10.2.1
8020,1,3,44,1054,V10.2.1
8020,1,3,45,1054,V10.2.1
8020,1,3,46,1054,V10.2.1
8020,1,3,47,1054,V10.2.1
8020,1,3,48,1054,V10.2.1
8020,1,3,49,1054,V10.2.1
8020,1,3,50,1054,V10.2.1
8020,1,3,51,1054,V10.2.1
8020,1,3,52,1054,V10.2.1
8020,1,3,53,1054,V10.2.1
8020,1,3,54,1015,V10.2.1
8020,1,3,55,976,V10.2.1
8020,1,3,56,936,V10.2.1
8020,1,3,57,907,V10.2.1
8020,1,3,58,868,V10.2.1
8020,1,3,59,834,V10.2.1
8020,1,3,60,790,V10.2.1
8020,1,3,61,790,V10.2.1
8020,1,3,62,790,V10.2.1
8020,1,3,63,790,V10.2.1
8020,1,3,64,790,V10.2.1
8020,1,3,65,790,V10.2.1
8020,1,3,66,790,V10.2.1
8020,1,3,67,800,V10.2.1
8020,1,3,68,800,V10.2.1
8020,1,3,69,800,V10.2.1
8020,1,3,70,800,V10.2.1
8020,1,3,71,800,V10.2.1
8020,1,3,72,810,V10.2.1
8020,1,3,73,741,V10.2.1
8020,1,3,74,692,V10.2.1
8020,1,3,75,634,V10.2.1
8020,1,3,76,634,V10.2.1
8020,1,3,77,634,V10.2.1
8020,1,3,78,644,V10.2.1
8020,1,3,79,644,V10.2.1
8020,1,3,80,644,V10.2.1
8020,1,3,81,663,V10.2.1
8020,1,3,82,722,V10.2.1
8020,1,3,83,1302.5,V10.2.1
8020,1,3,84,653,V10.2.1
8020,1,3,85,653,V10.2.1
8020,1,3,86,653,V10.2.1
8020,1,3,87,653,V10.2.1
8020,1,3,88,653,V10.2.1
8020,1,3,89,644,V10.2.1
8020,1,3,90,546,V10.2.1
8020,1,3,91,478,V10.2.1
8020,1,3,92,419,V10.2.1
8020,1,3,93,351,V10.2.1
8020,1,3,94,302,V10.2.1
8020,1,3,95,244,V10.2.1
8020,1,3,96,185,V10.2.1
8020,1,3,97,146,V10.2.1
8020,1,3,98,87,V10.2.1
8020,1,3,99,87,V10.2.1
8020,1,3,100,29,V10.2.1
3517,1,3,1,1010,V10.2_3
3517,1,3,2,1010,V10.2_3
3517,1,3,3,1010,V10.2_3
3517,1,3,4,1005,V10.2_3
3517,1,3,5,1005,V10.2_3
3517,1,3,6,1005,V10.2_3
3517,1,3,7,1005,V10.2_3
3517,1,3,8,1015,V10.2_3
3517,1,3,9,1015,V10.2_3
3517,1,3,10,1015,V10.2_3
3517,1,3,11,1015,V10.2_3
3517,1,3,12,1024,V10.2_3
3517,1,3,13,1024,V10.2_3
3517,1,3,14,1024,V10.2_3
3517,1,3,15,1024,V10.2_3
3517,1,3,16,1024,V10.2_3
3517,1,3,17,1034,V10.2_3
3517,1,3,18,1034,V10.2_3
3517,1,3,19,1034,V10.2_3
3517,1,3,20,1044,V10.2_3
3517,1,3,21,1034,V10.2_3
3517,1,3,22,1044,V10.2_3
3517,1,3,23,1044,V10.2_3
3517,1,3,24,1044,V10.2_3
3517,1,3,25,1044,V10.2_3
3517,1,3,26,1054,V10.2_3
3517,1,3,27,1044,V10.2_3
3517,1,3,28,1044,V10.2_3
3517,1,3,29,1044,V10.2_3
3517,1,3,30,1054,V10.2_3
3517,1,3,31,1054,V10.2_3
3517,1,3,32,1054,V10.2_3
3517,1,3,33,1054,V10.2_3
3517,1,3,34,1054,V10.2_3
3517,1,3,35,1054,V10.2_3
3517,1,3,36,1054,V10.2_3
3517,1,3,37,1054,V10.2_3
3517,1,3,38,1054,V10.2_3
3517,1,3,39,1054,V10.2_3
3517,1,3,40,1054,V10.2_3
3517,1,3,41,1054,V10.2_3
3517,1,3,42,1054,V10.2_3
3517,1,3,43,1054,V10.2_3
3517,1,3,44,1063,V10.2_3
3517,1,3,45,1054,V10.2_3
3517,1,3,46,1063,V10.2_3
3517,1,3,47,1054,V10.2_3
3517,1,3,48,1073,V10.2_3
3517,1,3,49,1063,V10.2_3
3517,1,3,50,1024,V10.2_3
3517,1,3,51,1005,V10.2_3
3517,1,3,52,976,V10.2_3
3517,1,3,53,946,V10.2_3
3517,1,3,54,917,V10.2_3
3517,1,3,55,897,V10.2_3
3517,1,3,56,858,V10.2_3
3517,1,3,57,839,V10.2_3
3517,1,3,58,810,V10.2_3
3517,1,3,59,790,V10.2_3
3517,1,3,60,790,V10.2_3
3517,1,3,61,790,V10.2_3
3517,1,3,62,790,V10.2_3
3517,1,3,63,790,V10.2_3
3517,1,3,64,790,V10.2_3
3517,1,3,65,800,V10.2_3
3517,1,3,66,800,V10.2_3
3517,1,3,67,800,V10.2_3
3517,1,3,68,800,V10.2_3
3517,1,3,69,810,V10.2_3
3517,1,3,70,810,V10.2_3
3517,1,3,71,810,V10.2_3
3517,1,3,72,810,V10.2_3
3517,1,3,73,761,V10.2_3
3517,1,3,74,692,V10.2_3
3517,1,3,75,653,V10.2_3
3517,1,3,76,653,V10.2_3
3517,1,3,77,653,V10.2_3
3517,1,3,78,653,V10.2_3
3517,1,3,79,653,V10.2_3
3517,1,3,80,653,V10.2_3
3517,1,3,81,663,V10.2_3
3517,1,3,82,985,V10.2_3
3517,1,3,83,1473,V10.2_3
3517,1,3,84,653,V10.2_3
3517,1,3,85,653,V10.2_3
3517,1,3,86,653,V10.2_3
3517,1,3,87,653,V10.2_3
3517,1,3,88,663,V10.2_3
3517,1,3,89,663,V10.2_3
3517,1,3,90,624,V10.2_3
3517,1,3,91,546,V10.2_3
3517,1,3,92,488,V10.2_3
3517,1,3,93,429,V10.2_3
3517,1,3,94,370,V10.2_3
3517,1,3,95,302,V10.2_3
3517,1,3,96,263,V10.2_3
3517,1,3,97,214,V10.2_3
3517,1,3,98,156,V10.2_3
3517,1,3,99,117,V10.2_3
3517,1,3,100,68,V10.2_3
956,1,1,1,1044,V10.1_1
956,1,1,2,1044,V10.1_1
956,1,1,3,1044,V10.1_1
956,1,1,4,1044,V10.1_1
956,1,1,5,1044,V10.1_1
956,1,1,6,1044,V10.1_1
956,1,1,7,1044,V10.1_1
956,1,1,8,1005,V10.1_1
956,1,1,9,1005,V10.1_1
956,1,1,10,1005,V10.1_1
956,1,1,11,1005,V10.1_1
956,1,1,12,1005,V10.1_1
956,1,1,13,1005,V10.1_1
956,1,1,14,1015,V10.1_1
956,1,1,15,1015,V10.1_1
956,1,1,16,1015,V10.1_1
956,1,1,17,1015,V10.1_1
956,1,1,18,1024,V10.1_1
956,1,1,19,1024,V10.1_1
956,1,1,20,1024,V10.1_1
956,1,1,21,1024,V10.1_1
956,1,1,22,1024,V10.1_1
956,1,1,23,1024,V10.1_1
956,1,1,24,1034,V10.1_1
956,1,1,25,1029,V10.1_1
956,1,1,26,1034,V10.1_1
956,1,1,27,1039,V10.1_1
956,1,1,28,1034,V10.1_1
956,1,1,29,1044,V10.1_1
956,1,1,30,1044,V10.1_1
956,1,1,31,1034,V10.1_1
956,1,1,32,1044,V10.1_1
956,1,1,33,1044,V10.1_1
956,1,1,34,1044,V10.1_1
956,1,1,35,1044,V10.1_1
956,1,1,36,1044,V10.1_1
956,1,1,37,1044,V10.1_1
956,1,1,38,1044,V10.1_1
956,1,1,39,1044,V10.1_1
956,1,1,40,1044,V10.1_1
956,1,1,41,1054,V10.1_1
956,1,1,42,1054,V10.1_1
956,1,1,43,1054,V10.1_1
956,1,1,44,1054,V10.1_1
956,1,1,45,1024,V10.1_1
956,1,1,46,1015,V10.1_1
956,1,1,47,995,V10.1_1
956,1,1,48,966,V10.1_1
956,1,1,49,946,V10.1_1
956,1,1,50,927,V10.1_1
956,1,1,51,897,V10.1_1
956,1,1,52,878,V10.1_1
956,1,1,53,858,V10.1_1
956,1,1,54,829,V10.1_1
956,1,1,55,810,V10.1_1
956,1,1,56,780,V10.1_1
956,1,1,57,780,V10.1_1
956,1,1,58,780,V10.1_1
956,1,1,59,771,V10.1_1
956,1,1,60,780,V10.1_1
956,1,1,61,780,V10.1_1
956,1,1,62,780,V10.1_1
956,1,1,63,780,V10.1_1
956,1,1,64,780,V10.1_1
956,1,1,65,780,V10.1_1
956,1,1,66,780,V10.1_1
956,1,1,67,780,V10.1_1
956,1,1,68,790,V10.1_1
956,1,1,69,790,V10.1_1
956,1,1,70,790,V10.1_1
956,1,1,71,790,V10.1_1
956,1,1,72,771,V10.1_1
956,1,1,73,712,V10.1_1
956,1,1,74,663,V10.1_1
956,1,1,75,634,V10.1_1
956,1,1,76,634,V10.1_1
956,1,1,77,634,V10.1_1
956,1,1,78,634,V10.1_1
956,1,1,79,644,V10.1_1
956,1,1,80,644,V10.1_1
956,1,1,81,658,V10.1_1
956,1,1,82,761,V10.1_1
956,1,1,83,1434,V10.1_1
956,1,1,84,644,V10.1_1
956,1,1,85,644,V10.1_1
956,1,1,86,653,V10.1_1
956,1,1,87,653,V10.1_1
956,1,1,88,653,V10.1_1
956,1,1,89,653,V10.1_1
956,1,1,90,585,V10.1_1
956,1,1,91,507,V10.1_1
956,1,1,92,458,V10.1_1
956,1,1,93,400,V10.1_1
956,1,1,94,351,V10.1_1
956,1,1,95,302,V10.1_1
956,1,1,96,273,V10.1_1
956,1,1,97,224,V10.1_1
956,1,1,98,185,V10.1_1
956,1,1,99,146,V10.1_1
956,1,1,100,29,V10.1_1
2066,1,1,1,1073,V10.1.1
2066,1,1,2,1073,V10.1.1
2066,1,1,3,1073,V10.1.1
2066,1,1,4,1073,V10.1.1
2066,1,1,5,995,V10.1.1
2066,1,1,6,1005,V10.1.1
2066,1,1,7,1005,V10.1.1
2066,1,1,8,1005,V10.1.1
2066,1,1,9,1005,V10.1.1
2066,1,1,10,1005,V10.1.1
2066,1,1,11,1005,V10.1.1
2066,1,1,12,1005,V10.1.1
2066,1,1,13,1015,V10.1.1
2066,1,1,14,1015,V10.1.1
2066,1,1,15,1015,V10.1.1
2066,1,1,16,1015,V10.1.1
2066,1,1,17,1015,V10.1.1
2066,1,1,18,1024,V10.1.1
2066,1,1,19,1024,V10.1.1
2066,1,1,20,1024,V10.1.1
2066,1,1,21,1024,V10.1.1
2066,1,1,22,1024,V10.1.1
2066,1,1,23,1024,V10.1.1
2066,1,1,24,1024,V10.1.1
2066,1,1,25,1024,V10.1.1
2066,1,1,26,1034,V10.1.1
2066,1,1,27,1034,V10.1.1
2066,1,1,28,1034,V10.1.1
2066,1,1,29,1034,V10.1.1
2066,1,1,30,1034,V10.1.1
2066,1,1,31,1034,V10.1.1
2066,1,1,32,1034,V10.1.1
2066,1,1,33,1034,V10.1.1
2066,1,1,34,1044,V10.1.1
2066,1,1,35,1044,V10.1.1
2066,1,1,36,1044,V10.1.1
2066,1,1,37,1044,V10.1.1
2066,1,1,38,1044,V10.1.1
2066,1,1,39,1044,V10.1.1
2066,1,1,40,1044,V10.1.1
2066,1,1,41,1044,V10.1.1
2066,1,1,42,1044,V10.1.1
2066,1,1,43,1049,V10.1.1
2066,1,1,44,1044,V10.1.1
2066,1,1,45,1054,V10.1.1
2066,1,1,46,1054,V10.1.1
2066,1,1,47,1054,V10.1.1
2066,1,1,48,1054,V10.1.1
2066,1,1,49,1054,V10.1.1
2066,1,1,50,1054,V10.1.1
2066,1,1,51,1054,V10.1.1
2066,1,1,52,1034,V10.1.1
2066,1,1,53,1015,V10.1.1
2066,1,1,54,995,V10.1.1
2066,1,1,55,966,V10.1.1
2066,1,1,56,936,V10.1.1
2066,1,1,57,917,V10.1.1
2066,1,1,58,888,V10.1.1
2066,1,1,59,858,V10.1.1
2066,1,1,60,819,V10.1.1
2066,1,1,61,780,V10.1.1
2066,1,1,62,780,V10.1.1
2066,1,1,63,780,V10.1.1
2066,1,1,64,780,V10.1.1
2066,1,1,65,780,V10.1.1
2066,1,1,66,780,V10.1.1
2066,1,1,67,790,V10.1.1
2066,1,1,68,790,V10.1.1
2066,1,1,69,790,V10.1.1
2066,1,1,70,790,V10.1.1
2066,1,1,71,790,V10.1.1
2066,1,1,72,790,V10.1.1
2066,1,1,73,800,V10.1.1
2066,1,1,74,790,V10.1.1
2066,1,1,75,722,V10.1.1
2066,1,1,76,663,V10.1.1
2066,1,1,77,634,V10.1.1
2066,1,1,78,644,V10.1.1
2066,1,1,79,644,V10.1.1
2066,1,1,80,644,V10.1.1
2066,1,1,81,653,V10.1.1
2066,1,1,82,1151,V10.1.1
2066,1,1,83,1156,V10.1.1
2066,1,1,84,644,V10.1.1
2066,1,1,85,653,V10.1.1
2066,1,1,86,653,V10.1.1
2066,1,1,87,653,V10.1.1
2066,1,1,88,653,V10.1.1
2066,1,1,89,653,V10.1.1
2066,1,1,90,653,V10.1.1
2066,1,1,91,653,V10.1.1
2066,1,1,92,585,V10.1.1
2066,1,1,93,507,V10.1.1
2066,1,1,94,448,V10.1.1
2066,1,1,95,390,V10.1.1
2066,1,1,96,331,V10.1.1
2066,1,1,97,273,V10.1.1
2066,1,1,98,234,V10.1.1
2066,1,1,99,185,V10.1.1
2066,1,1,100,97,V10.1.1
3515,1,200,1,1151,V10.2.1
3515,1,200,2,1151,V10.2.1
3515,1,200,3,1151,V10.2.1
3515,1,200,4,1083,V10.2.1
3515,1,200,5,995,V10.2.1
3515,1,200,6,995,V10.2.1
3515,1,200,7,995,V10.2.1
3515,1,200,8,995,V10.2.1
3515,1,200,9,995,V10.2.1
3515,1,200,10,995,V10.2.1
3515,1,200,11,1005,V10.2.1
3515,1,200,12,1005,V10.2.1
3515,1,200,13,1005,V10.2.1
3515,1,200,14,1005,V10.2.1
3515,1,200,15,1005,V10.2.1
3515,1,200,16,1005,V10.2.1
3515,1,200,17,1005,V10.2.1
3515,1,200,18,1015,V10.2.1
3515,1,200,19,1005,V10.2.1
3515,1,200,20,1015,V10.2.1
3515,1,200,21,1015,V10.2.1
3515,1,200,22,1015,V10.2.1
3515,1,200,23,1015,V10.2.1
3515,1,200,24,1015,V10.2.1
3515,1,200,25,1015,V10.2.1
3515,1,200,26,1015,V10.2.1
3515,1,200,27,1015,V10.2.1
3515,1,200,28,1015,V10.2.1
3515,1,200,29,1015,V10.2.1
3515,1,200,30,1015,V10.2.1
3515,1,200,31,1024,V10.2.1
3515,1,200,32,1015,V10.2.1
3515,1,200,33,1015,V10.2.1
3515,1,200,34,1024,V10.2.1
3515,1,200,35,1024,V10.2.1
3515,1,200,36,1024,V10.2.1
3515,1,200,37,1024,V10.2.1
3515,1,200,38,1024,V10.2.1
3515,1,200,39,1024,V10.2.1
3515,1,200,40,1024,V10.2.1
3515,1,200,41,1024,V10.2.1
3515,1,200,42,1034,V10.2.1
3515,1,200,43,1024,V10.2.1
3515,1,200,44,1034,V10.2.1
3515,1,200,45,1034,V10.2.1
3515,1,200,46,1005,V10.2.1
3515,1,200,47,976,V10.2.1
3515,1,200,48,946,V10.2.1
3515,1,200,49,927,V10.2.1
3515,1,200,50,897,V10.2.1
3515,1,200,51,858,V10.2.1
3515,1,200,52,819,V10.2.1
3515,1,200,53,790,V10.2.1
3515,1,200,54,771,V10.2.1
3515,1,200,55,771,V10.2.1
3515,1,200,56,780,V10.2.1
3515,1,200,57,780,V10.2.1
3515,1,200,58,780,V10.2.1
3515,1,200,59,780,V10.2.1
3515,1,200,60,780,V10.2.1
3515,1,200,61,780,V10.2.1
3515,1,200,62,780,V10.2.1
3515,1,200,63,780,V10.2.1
3515,1,200,64,780,V10.2.1
3515,1,200,65,780,V10.2.1
3515,1,200,66,790,V10.2.1
3515,1,200,67,741,V10.2.1
3515,1,200,68,692,V10.2.1
3515,1,200,69,634,V10.2.1
3515,1,200,70,634,V10.2.1
3515,1,200,71,634,V10.2.1
3515,1,200,72,634,V10.2.1
3515,1,200,73,634,V10.2.1
3515,1,200,74,634,V10.2.1
3515,1,200,75,634,V10.2.1
3515,1,200,76,644,V10.2.1
3515,1,200,77,644,V10.2.1
3515,1,200,78,644,V10.2.1
3515,1,200,79,653,V10.2.1
3515,1,200,80,653,V10.2.1
3515,1,200,81,653,V10.2.1
3515,1,200,82,1034,V10.2.1
3515,1,200,83,1434,V10.2.1
3515,1,200,84,917,V10.2.1
3515,1,200,85,653,V10.2.1
3515,1,200,86,575,V10.2.1
3515,1,200,87,497,V10.2.1
3515,1,200,88,448,V10.2.1
3515,1,200,89,380,V10.2.1
3515,1,200,90,322,V10.2.1
3515,1,200,91,273,V10.2.1
3515,1,200,92,234,V10.2.1
3515,1,200,93,185,V10.2.1
3515,1,200,94,146,V10.2.1
3515,1,200,95,107,V10.2.1
3515,1,200,96,87,V10.2.1
3515,1,200,97,78,V10.2.1
3515,1,200,98,29,V10.2.1
3515,1,200,99,29,V10.2.1
3515,1,200,100,29,V10.2.1
8862,1,2,1,1200,V10.1.1
8862,1,2,2,1200,V10.1.1
8862,1,2,3,1200,V10.1.1
8862,1,2,4,1200,V10.1.1
8862,1,2,5,1200,V10.1.1
8862,1,2,6,1200,V10.1.1
8862,1,2,7,1088,V10.1.1
8862,1,2,8,1015,V10.1.1
8862,1,2,9,1005,V10.1.1
8862,1,2,10,1005,V10.1.1
8862,1,2,11,1005,V10.1.1
8862,1,2,12,1005,V10.1.1
8862,1,2,13,1005,V10.1.1
8862,1,2,14,1005,V10.1.1
8862,1,2,15,1015,V10.1.1
8862,1,2,16,1015,V10.1.1
8862,1,2,17,1015,V10.1.1
8862,1,2,18,1015,V10.1.1
8862,1,2,19,1024,V10.1.1
8862,1,2,20,1015,V10.1.1
8862,1,2,21,1019.5,V10.1.1
8862,1,2,22,1024,V10.1.1
8862,1,2,23,1015,V10.1.1
8862,1,2,24,1024,V10.1.1
8862,1,2,25,1024,V10.1.1
8862,1,2,26,1024,V10.1.1
8862,1,2,27,1024,V10.1.1
8862,1,2,28,1024,V10.1.1
8862,1,2,29,1024,V10.1.1
8862,1,2,30,1024,V10.1.1
8862,1,2,31,1024,V10.1.1
8862,1,2,32,1024,V10.1.1
8862,1,2,33,1034,V10.1.1
8862,1,2,34,1024,V10.1.1
8862,1,2,35,1024,V10.1.1
8862,1,2,36,1024,V10.1.1
8862,1,2,37,1034,V10.1.1
8862,1,2,38,1039,V10.1.1
8862,1,2,39,1034,V10.1.1
8862,1,2,40,1034,V10.1.1
8862,1,2,41,1034,V10.1.1
8862,1,2,42,1044,V10.1.1
8862,1,2,43,1044,V10.1.1
8862,1,2,44,1044,V10.1.1
8862,1,2,45,1044,V10.1.1
8862,1,2,46,1044,V10.1.1
8862,1,2,47,1044,V10.1.1
8862,1,2,48,1044,V10.1.1
8862,1,2,49,1044,V10.1.1
8862,1,2,50,1044,V10.1.1
8862,1,2,51,1044,V10.1.1
8862,1,2,52,1054,V10.1.1
8862,1,2,53,1054,V10.1.1
8862,1,2,54,1054,V10.1.1
8862,1,2,55,1054,V10.1.1
8862,1,2,56,1054,V10.1.1
8862,1,2,57,1015,V10.1.1
8862,1,2,58,995,V10.1.1
8862,1,2,59,956,V10.1.1
8862,1,2,60,927,V10.1.1
8862,1,2,61,897,V10.1.1
8862,1,2,62,858,V10.1.1
8862,1,2,63,839,V10.1.1
8862,1,2,64,800,V10.1.1
8862,1,2,65,780,V10.1.1
8862,1,2,66,780,V10.1.1
8862,1,2,67,780,V10.1.1
8862,1,2,68,780,V10.1.1
8862,1,2,69,780,V10.1.1
8862,1,2,70,780,V10.1.1
8862,1,2,71,780,V10.1.1
8862,1,2,72,790,V10.1.1
8862,1,2,73,790,V10.1.1
8862,1,2,74,790,V10.1.1
8862,1,2,75,790,V10.1.1
8862,1,2,76,790,V10.1.1
8862,1,2,77,795,V10.1.1
8862,1,2,78,741,V10.1.1
8862,1,2,79,683,V10.1.1
8862,1,2,80,634,V10.1.1
8862,1,2,81,634,V10.1.1
8862,1,2,82,634,V10.1.1
8862,1,2,83,653,V10.1.1
8862,1,2,84,834,V10.1.1
8862,1,2,85,1483,V10.1.1
8862,1,2,86,644,V10.1.1
8862,1,2,87,644,V10.1.1
8862,1,2,88,653,V10.1.1
8862,1,2,89,653,V10.1.1
8862,1,2,90,653,V10.1.1
8862,1,2,91,653,V10.1.1
8862,1,2,92,653,V10.1.1
8862,1,2,93,653,V10.1.1
8862,1,2,94,653,V10.1.1
8862,1,2,95,580,V10.1.1
8862,1,2,96,502,V10.1.1
8862,1,2,97,429,V10.1.1
8862,1,2,98,380,V10.1.1
8862,1,2,99,322,V10.1.1
8862,1,2,100,273,V10.1.1
8389,1,2,1,1015,V10.2.1
8389,1,2,2,1015,V10.2.1
8389,1,2,3,1015,V10.2.1
8389,1,2,4,1015,V10.2.1
8389,1,2,5,1015,V10.2.1
8389,1,2,6,1015,V10.2.1
8389,1,2,7,1015,V10.2.1
8389,1,2,8,1015,V10.2.1
8389,1,2,9,1015,V10.2.1
8389,1,2,10,1015,V10.2.1
8389,1,2,11,1024,V10.2.1
8389,1,2,12,1024,V10.2.1
8389,1,2,13,1024,V10.2.1
8389,1,2,14,1024,V10.2.1
8389,1,2,15,1034,V10.2.1
8389,1,2,16,1034,V10.2.1
8389,1,2,17,1044,V10.2.1
8389,1,2,18,1034,V10.2.1
8389,1,2,19,1044,V10.2.1
8389,1,2,20,1044,V10.2.1
8389,1,2,21,1044,V10.2.1
8389,1,2,22,1044,V10.2.1
8389,1,2,23,1054,V10.2.1
8389,1,2,24,1054,V10.2.1
8389,1,2,25,1054,V10.2.1
8389,1,2,26,1054,V10.2.1
8389,1,2,27,1054,V10.2.1
8389,1,2,28,1054,V10.2.1
8389,1,2,29,1054,V10.2.1
8389,1,2,30,1054,V10.2.1
8389,1,2,31,1054,V10.2.1
8389,1,2,32,1054,V10.2.1
8389,1,2,33,1054,V10.2.1
8389,1,2,34,1054,V10.2.1
8389,1,2,35,1054,V10.2.1
8389,1,2,36,1054,V10.2.1
8389,1,2,37,1054,V10.2.1
8389,1,2,38,1054,V10.2.1
8389,1,2,39,1054,V10.2.1
8389,1,2,40,1054,V10.2.1
8389,1,2,41,1054,V10.2.1
8389,1,2,42,1054,V10.2.1
8389,1,2,43,1063,V10.2.1
8389,1,2,44,1063,V10.2.1
8389,1,2,45,1054,V10.2.1
8389,1,2,46,1039,V10.2.1
8389,1,2,47,1015,V10.2.1
8389,1,2,48,995,V10.2.1
8389,1,2,49,966,V10.2.1
8389,1,2,50,936,V10.2.1
8389,1,2,51,917,V10.2.1
8389,1,2,52,897,V10.2.1
8389,1,2,53,858,V10.2.1
8389,1,2,54,839,V10.2.1
8389,1,2,55,790,V10.2.1
8389,1,2,56,790,V10.2.1
8389,1,2,57,790,V10.2.1
8389,1,2,58,790,V10.2.1
8389,1,2,59,790,V10.2.1
8389,1,2,60,790,V10.2.1
8389,1,2,61,790,V10.2.1
8389,1,2,62,790,V10.2.1
8389,1,2,63,790,V10.2.1
8389,1,2,64,790,V10.2.1
8389,1,2,65,800,V10.2.1
8389,1,2,66,800,V10.2.1
8389,1,2,67,810,V10.2.1
8389,1,2,68,810,V10.2.1
8389,1,2,69,790,V10.2.1
8389,1,2,70,722,V10.2.1
8389,1,2,71,668,V10.2.1
8389,1,2,72,644,V10.2.1
8389,1,2,73,644,V10.2.1
8389,1,2,74,653,V10.2.1
8389,1,2,75,653,V10.2.1
8389,1,2,76,653,V10.2.1
8389,1,2,77,653,V10.2.1
8389,1,2,78,653,V10.2.1
8389,1,2,79,653,V10.2.1
8389,1,2,80,653,V10.2.1
8389,1,2,81,663,V10.2.1
8389,1,2,82,702,V10.2.1
8389,1,2,83,1488,V10.2.1
8389,1,2,84,653,V10.2.1
8389,1,2,85,653,V10.2.1
8389,1,2,86,663,V10.2.1
8389,1,2,87,614,V10.2.1
8389,1,2,88,527,V10.2.1
8389,1,2,89,458,V10.2.1
8389,1,2,90,390,V10.2.1
8389,1,2,91,341,V10.2.1
8389,1,2,92,292,V10.2.1
8389,1,2,93,244,V10.2.1
8389,1,2,94,214,V10.2.1
8389,1,2,95,165,V10.2.1
8389,1,2,96,136,V10.2.1
8389,1,2,97,107,V10.2.1
8389,1,2,98,92,V10.2.1
8389,1,2,99,39,V10.2.1
8389,1,2,100,39,V10.2.1
2965,1,1,1,1093,V10.1.1
2965,1,1,2,1093,V10.1.1
2965,1,1,3,1093,V10.1.1
2965,1,1,4,1093,V10.1.1
2965,1,1,5,1093,V10.1.1
2965,1,1,6,1093,V10.1.1
2965,1,1,7,1015,V10.1.1
2965,1,1,8,1015,V10.1.1
2965,1,1,9,1015,V10.1.1
2965,1,1,10,1015,V10.1.1
2965,1,1,11,1024,V10.1.1
2965,1,1,12,1024,V10.1.1
2965,1,1,13,1024,V10.1.1
2965,1,1,14,1024,V10.1.1
2965,1,1,15,1024,V10.1.1
2965,1,1,16,1024,V10.1.1
2965,1,1,17,1034,V10.1.1
2965,1,1,18,1034,V10.1.1
2965,1,1,19,1044,V10.1.1
2965,1,1,20,1034,V10.1.1
2965,1,1,21,1044,V10.1.1
2965,1,1,22,1044,V10.1.1
2965,1,1,23,1044,V10.1.1
2965,1,1,24,1044,V10.1.1
2965,1,1,25,1044,V10.1.1
2965,1,1,26,1044,V10.1.1
2965,1,1,27,1044,V10.1.1
2965,1,1,28,1044,V10.1.1
2965,1,1,29,1054,V10.1.1
2965,1,1,30,1054,V10.1.1
2965,1,1,31,1054,V10.1.1
2965,1,1,32,1054,V10.1.1
2965,1,1,33,1054,V10.1.1
2965,1,1,34,1054,V10.1.1
2965,1,1,35,1054,V10.1.1
2965,1,1,36,1054,V10.1.1
2965,1,1,37,1054,V10.1.1
2965,1,1,38,1054,V10.1.1
2965,1,1,39,1054,V10.1.1
2965,1,1,40,1054,V10.1.1
2965,1,1,41,1054,V10.1.1
2965,1,1,42,1054,V10.1.1
2965,1,1,43,1054,V10.1.1
2965,1,1,44,1054,V10.1.1
2965,1,1,45,1063,V10.1.1
2965,1,1,46,1063,V10.1.1
2965,1,1,47,1063,V10.1.1
2965,1,1,48,1063,V10.1.1
2965,1,1,49,1054,V10.1.1
2965,1,1,50,1015,V10.1.1
2965,1,1,51,995,V10.1.1
2965,1,1,52,966,V10.1.1
2965,1,1,53,936,V10.1.1
2965,1,1,54,897,V10.1.1
2965,1,1,55,858,V10.1.1
2965,1,1,56,839,V10.1.1
2965,1,1,57,810,V10.1.1
2965,1,1,58,790,V10.1.1
2965,1,1,59,790,V10.1.1
2965,1,1,60,790,V10.1.1
2965,1,1,61,790,V10.1.1
2965,1,1,62,790,V10.1.1
2965,1,1,63,790,V10.1.1
2965,1,1,64,790,V10.1.1
2965,1,1,65,800,V10.1.1
2965,1,1,66,800,V10.1.1
2965,1,1,67,800,V10.1.1
2965,1,1,68,800,V10.1.1
2965,1,1,69,810,V10.1.1
2965,1,1,70,810,V10.1.1
2965,1,1,71,810,V10.1.1
2965,1,1,72,741,V10.1.1
2965,1,1,73,692,V10.1.1
2965,1,1,74,653,V10.1.1
2965,1,1,75,653,V10.1.1
2965,1,1,76,653,V10.1.1
2965,1,1,77,653,V10.1.1
2965,1,1,78,653,V10.1.1
2965,1,1,79,653,V10.1.1
2965,1,1,80,653,V10.1.1
2965,1,1,81,663,V10.1.1
2965,1,1,82,1483,V10.1.1
2965,1,1,83,1498,V10.1.1
2965,1,1,84,653,V10.1.1
2965,1,1,85,653,V10.1.1
2965,1,1,86,653,V10.1.1
2965,1,1,87,663,V10.1.1
2965,1,1,88,663,V10.1.1
2965,1,1,89,605,V10.1.1
2965,1,1,90,527,V10.1.1
2965,1,1,91,458,V10.1.1
2965,1,1,92,390,V10.1.1
2965,1,1,93,341,V10.1.1
2965,1,1,94,292,V10.1.1
2965,1,1,95,234,V10.1.1
2965,1,1,96,185,V10.1.1
2965,1,1,97,146,V10.1.1
2965,1,1,98,97,V10.1.1
2965,1,1,99,165,V10.1.1
2965,1,1,100,29,V10.1.1
9694,0.88,440,1,1044,V9.3.5
9694,0.88,440,2,1044,V9.3.5
9694,0.88,440,3,1044,V9.3.5
9694,0.88,440,4,1044,V9.3.5
9694,0.88,440,5,1044,V9.3.5
9694,0.88,440,6,1044,V9.3.5
9694,0.88,440,7,1044,V9.3.5
9694,0.88,440,8,1044,V9.3.5
9694,0.88,440,9,839,V9.3.5
9694,0.88,440,10,839,V9.3.5
9694,0.88,440,11,839,V9.3.5
9694,0.88,440,12,839,V9.3.5
9694,0.88,440,13,839,V9.3.5
9694,0.88,440,14,849,V9.3.5
9694,0.88,440,15,849,V9.3.5
9694,0.88,440,16,849,V9.3.5
9694,0.88,440,17,849,V9.3.5
9694,0.88,440,18,849,V9.3.5
9694,0.88,440,19,849,V9.3.5
9694,0.88,440,20,849,V9.3.5
9694,0.88,440,21,849,V9.3.5
9694,0.88,440,22,858,V9.3.5
9694,0.88,440,23,858,V9.3.5
9694,0.88,440,24,858,V9.3.5
9694,0.88,440,25,858,V9.3.5
9694,0.88,440,26,858,V9.3.5
9694,0.88,440,27,858,V9.3.5
9694,0.88,440,28,858,V9.3.5
9694,0.88,440,29,858,V9.3.5
9694,0.88,440,30,858,V9.3.5
9694,0.88,440,31,858,V9.3.5
9694,0.88,440,32,858,V9.3.5
9694,0.88,440,33,858,V9.3.5
9694,0.88,440,34,858,V9.3.5
9694,0.88,440,35,858,V9.3.5
9694,0.88,440,36,858,V9.3.5
9694,0.88,440,37,858,V9.3.5
9694,0.88,440,38,858,V9.3.5
9694,0.88,440,39,858,V9.3.5
9694,0.88,440,40,858,V9.3.5
9694,0.88,440,41,858,V9.3.5
9694,0.88,440,42,858,V9.3.5
9694,0.88,440,43,858,V9.3.5
9694,0.88,440,44,858,V9.3.5
9694,0.88,440,45,858,V9.3.5
9694,0.88,440,46,858,V9.3.5
9694,0.88,440,47,868,V9.3.5
9694,0.88,440,48,868,V9.3.5
9694,0.88,440,49,868,V9.3.5
9694,0.88,440,50,868,V9.3.5
9694,0.88,440,51,858,V9.3.5
9694,0.88,440,52,839,V9.3.5
9694,0.88,440,53,810,V9.3.5
9694,0.88,440,54,790,V9.3.5
9694,0.88,440,55,771,V9.3.5
9694,0.88,440,56,761,V9.3.5
9694,0.88,440,57,732,V9.3.5
9694,0.88,440,58,712,V9.3.5
9694,0.88,440,59,692,V9.3.5
9694,0.88,440,60,663,V9.3.5
9694,0.88,440,61,653,V9.3.5
9694,0.88,440,62,653,V9.3.5
9694,0.88,440,63,653,V9.3.5
9694,0.88,440,64,653,V9.3.5
9694,0.88,440,65,653,V9.3.5
9694,0.88,440,66,653,V9.3.5
9694,0.88,440,67,653,V9.3.5
9694,0.88,440,68,653,V9.3.5
9694,0.88,440,69,663,V9.3.5
9694,0.88,440,70,663,V9.3.5
9694,0.88,440,71,663,V9.3.5
9694,0.88,440,72,663,V9.3.5
9694,0.88,440,73,663,V9.3.5
9694,0.88,440,74,663,V9.3.5
9694,0.88,440,75,663,V9.3.5
9694,0.88,440,76,663,V9.3.5
9694,0.88,440,77,653,V9.3.5
9694,0.88,440,78,614,V9.3.5
9694,0.88,440,79,585,V9.3.5
9694,0.88,440,80,556,V9.3.5
9694,0.88,440,81,546,V9.3.5
9694,0.88,440,82,546,V9.3.5
9694,0.88,440,83,1464,V9.3.5
9694,0.88,440,84,546,V9.3.5
9694,0.88,440,85,536,V9.3.5
9694,0.88,440,86,536,V9.3.5
9694,0.88,440,87,536,V9.3.5
9694,0.88,440,88,546,V9.3.5
9694,0.88,440,89,546,V9.3.5
9694,0.88,440,90,546,V9.3.5
9694,0.88,440,91,741,V9.3.5
9694,0.88,440,92,692,V9.3.5
9694,0.88,440,93,619,V9.3.5
9694,0.88,440,94,605,V9.3.5
9694,0.88,440,95,546,V9.3.5
9694,0.88,440,96,546,V9.3.5
9694,0.88,440,97,541,V9.3.5
9694,0.88,440,98,458,V9.3.5
9694,0.88,440,99,409,V9.3.5
9694,0.88,440,100,97,V9.3.5
5571,1,5,1,1005,V10.1.0
5571,1,5,2,1005,V10.1.0
5571,1,5,3,1005,V10.1.0
5571,1,5,4,1005,V10.1.0
5571,1,5,5,1005,V10.1.0
5571,1,5,6,1005,V10.1.0
5571,1,5,7,1005,V10.1.0
5571,1,5,8,1005,V10.1.0
5571,1,5,9,1005,V10.1.0
5571,1,5,10,1005,V10.1.0
5571,1,5,11,1005,V10.1.0
5571,1,5,12,1015,V10.1.0
5571,1,5,13,1015,V10.1.0
5571,1,5,14,1015,V10.1.0
5571,1,5,15,1015,V10.1.0
5571,1,5,16,1015,V10.1.0
5571,1,5,17,1015,V10.1.0
5571,1,5,18,1015,V10.1.0
5571,1,5,19,1024,V10.1.0
5571,1,5,20,1024,V10.1.0
5571,1,5,21,1024,V10.1.0
5571,1,5,22,1024,V10.1.0
5571,1,5,23,1024,V10.1.0
5571,1,5,24,1024,V10.1.0
5571,1,5,25,1034,V10.1.0
5571,1,5,26,1024,V10.1.0
5571,1,5,27,1029,V10.1.0
5571,1,5,28,1029,V10.1.0
5571,1,5,29,1034,V10.1.0
5571,1,5,30,1034,V10.1.0
5571,1,5,31,1034,V10.1.0
5571,1,5,32,1044,V10.1.0
5571,1,5,33,1034,V10.1.0
5571,1,5,34,1044,V10.1.0
5571,1,5,35,1044,V10.1.0
5571,1,5,36,1044,V10.1.0
5571,1,5,37,1044,V10.1.0
5571,1,5,38,1044,V10.1.0
5571,1,5,39,1044,V10.1.0
5571,1,5,40,1054,V10.1.0
5571,1,5,41,1054,V10.1.0
5571,1,5,42,1054,V10.1.0
5571,1,5,43,1054,V10.1.0
5571,1,5,44,1054,V10.1.0
5571,1,5,45,1054,V10.1.0
5571,1,5,46,1054,V10.1.0
5571,1,5,47,1054,V10.1.0
5571,1,5,48,1054,V10.1.0
5571,1,5,49,1054,V10.1.0
5571,1,5,50,1054,V10.1.0
5571,1,5,51,1054,V10.1.0
5571,1,5,52,1015,V10.1.0
5571,1,5,53,976,V10.1.0
5571,1,5,54,946,V10.1.0
5571,1,5,55,917,V10.1.0
5571,1,5,56,868,V10.1.0
5571,1,5,57,839,V10.1.0
5571,1,5,58,810,V10.1.0
5571,1,5,59,780,V10.1.0
5571,1,5,60,790,V10.1.0
5571,1,5,61,790,V10.1.0
5571,1,5,62,790,V10.1.0
5571,1,5,63,790,V10.1.0
5571,1,5,64,790,V10.1.0
5571,1,5,65,790,V10.1.0
5571,1,5,66,800,V10.1.0
5571,1,5,67,800,V10.1.0
5571,1,5,68,800,V10.1.0
5571,1,5,69,800,V10.1.0
5571,1,5,70,810,V10.1.0
5571,1,5,71,800,V10.1.0
5571,1,5,72,741,V10.1.0
5571,1,5,73,692,V10.1.0
5571,1,5,74,644,V10.1.0
5571,1,5,75,644,V10.1.0
5571,1,5,76,644,V10.1.0
5571,1,5,77,653,V10.1.0
5571,1,5,78,653,V10.1.0
5571,1,5,79,653,V10.1.0
5571,1,5,80,653,V10.1.0
5571,1,5,81,663,V10.1.0
5571,1,5,82,1473,V10.1.0
5571,1,5,83,1332,V10.1.0
5571,1,5,84,653,V10.1.0
5571,1,5,85,653,V10.1.0
5571,1,5,86,653,V10.1.0
5571,1,5,87,663,V10.1.0
5571,1,5,88,624,V10.1.0
5571,1,5,89,541,V10.1.0
5571,1,5,90,468,V10.1.0
5571,1,5,91,409,V10.1.0
5571,1,5,92,346,V10.1.0
5571,1,5,93,302,V10.1.0
5571,1,5,94,244,V10.1.0
5571,1,5,95,195,V10.1.0
5571,1,5,96,156,V10.1.0
5571,1,5,97,117,V10.1.0
5571,1,5,98,87,V10.1.0
5571,1,5,99,78,V10.1.0
5571,1,5,100,29,V10.1.0
2737,1,16,1,1005,V10.1.0
2737,1,16,2,1005,V10.1.0
2737,1,16,3,1005,V10.1.0
2737,1,16,4,1005,V10.1.0
2737,1,16,5,1005,V10.1.0
2737,1,16,6,1005,V10.1.0
2737,1,16,7,1005,V10.1.0
2737,1,16,8,1005,V10.1.0
2737,1,16,9,1015,V10.1.0
2737,1,16,10,1015,V10.1.0
2737,1,16,11,1015,V10.1.0
2737,1,16,12,1015,V10.1.0
2737,1,16,13,1024,V10.1.0
2737,1,16,14,1024,V10.1.0
2737,1,16,15,1024,V10.1.0
2737,1,16,16,1024,V10.1.0
2737,1,16,17,1024,V10.1.0
2737,1,16,18,1024,V10.1.0
2737,1,16,19,1034,V10.1.0
2737,1,16,20,1034,V10.1.0
2737,1,16,21,1034,V10.1.0
2737,1,16,22,1034,V10.1.0
2737,1,16,23,1034,V10.1.0
2737,1,16,24,1034,V10.1.0
2737,1,16,25,1044,V10.1.0
2737,1,16,26,1044,V10.1.0
2737,1,16,27,1044,V10.1.0
2737,1,16,28,1044,V10.1.0
2737,1,16,29,1044,V10.1.0
2737,1,16,30,1044,V10.1.0
2737,1,16,31,1044,V10.1.0
2737,1,16,32,1044,V10.1.0
2737,1,16,33,1044,V10.1.0
2737,1,16,34,1054,V10.1.0
2737,1,16,35,1054,V10.1.0
2737,1,16,36,1054,V10.1.0
2737,1,16,37,1054,V10.1.0
2737,1,16,38,1054,V10.1.0
2737,1,16,39,1054,V10.1.0
2737,1,16,40,1054,V10.1.0
2737,1,16,41,1054,V10.1.0
2737,1,16,42,1054,V10.1.0
2737,1,16,43,1054,V10.1.0
2737,1,16,44,1054,V10.1.0
2737,1,16,45,1063,V10.1.0
2737,1,16,46,1054,V10.1.0
2737,1,16,47,1054,V10.1.0
2737,1,16,48,1058.5,V10.1.0
2737,1,16,49,1063,V10.1.0
2737,1,16,50,1063,V10.1.0
2737,1,16,51,1044,V10.1.0
2737,1,16,52,1005,V10.1.0
2737,1,16,53,980.5,V10.1.0
2737,1,16,54,946,V10.1.0
2737,1,16,55,917,V10.1.0
2737,1,16,56,888,V10.1.0
2737,1,16,57,858,V10.1.0
2737,1,16,58,819,V10.1.0
2737,1,16,59,790,V10.1.0
2737,1,16,60,790,V10.1.0
2737,1,16,61,790,V10.1.0
2737,1,16,62,790,V10.1.0
2737,1,16,63,790,V10.1.0
2737,1,16,64,790,V10.1.0
2737,1,16,65,790,V10.1.0
2737,1,16,66,790,V10.1.0
2737,1,16,67,800,V10.1.0
2737,1,16,68,800,V10.1.0
2737,1,16,69,800,V10.1.0
2737,1,16,70,810,V10.1.0
2737,1,16,71,810,V10.1.0
2737,1,16,72,761,V10.1.0
2737,1,16,73,692,V10.1.0
2737,1,16,74,653,V10.1.0
2737,1,16,75,644,V10.1.0
2737,1,16,76,653,V10.1.0
2737,1,16,77,653,V10.1.0
2737,1,16,78,653,V10.1.0
2737,1,16,79,653,V10.1.0
2737,1,16,80,653,V10.1.0
2737,1,16,81,663,V10.1.0
2737,1,16,82,702,V10.1.0
2737,1,16,83,1507.5,V10.1.0
2737,1,16,84,653,V10.1.0
2737,1,16,85,653,V10.1.0
2737,1,16,86,653,V10.1.0
2737,1,16,87,663,V10.1.0
2737,1,16,88,663,V10.1.0
2737,1,16,89,624,V10.1.0
2737,1,16,90,546,V10.1.0
2737,1,16,91,478,V10.1.0
2737,1,16,92,419,V10.1.0
2737,1,16,93,351,V10.1.0
2737,1,16,94,302,V10.1.0
2737,1,16,95,244,V10.1.0
2737,1,16,96,185,V10.1.0
2737,1,16,97,136,V10.1.0
2737,1,16,98,78,V10.1.0
2737,1,16,99,29,V10.1.0
2737,1,16,100,29,V10.1.0
6500,1,13,1,1483,V10.2.1
6500,1,13,2,1483,V10.2.1
6500,1,13,3,1483,V10.2.1
6500,1,13,4,1483,V10.2.1
6500,1,13,5,1483,V10.2.1
6500,1,13,6,1483,V10.2.1
6500,1,13,7,1483,V10.2.1
6500,1,13,8,1024.5,V10.2.1
6500,1,13,9,976,V10.2.1
6500,1,13,10,976,V10.2.1
6500,1,13,11,985,V10.2.1
6500,1,13,12,985,V10.2.1
6500,1,13,13,985,V10.2.1
6500,1,13,14,995,V10.2.1
6500,1,13,15,995,V10.2.1
6500,1,13,16,995,V10.2.1
6500,1,13,17,995,V10.2.1
6500,1,13,18,1005,V10.2.1
6500,1,13,19,1005,V10.2.1
6500,1,13,20,995,V10.2.1
6500,1,13,21,1005,V10.2.1
6500,1,13,22,1005,V10.2.1
6500,1,13,23,1005,V10.2.1
6500,1,13,24,1005,V10.2.1
6500,1,13,25,1005,V10.2.1
6500,1,13,26,1005,V10.2.1
6500,1,13,27,1005,V10.2.1
6500,1,13,28,1005,V10.2.1
6500,1,13,29,1015,V10.2.1
6500,1,13,30,1044,V10.2.1
6500,1,13,31,1034,V10.2.1
6500,1,13,32,1044,V10.2.1
6500,1,13,33,1005,V10.2.1
6500,1,13,34,1005,V10.2.1
6500,1,13,35,1005,V10.2.1
6500,1,13,36,1005,V10.2.1
6500,1,13,37,1015,V10.2.1
6500,1,13,38,1015,V10.2.1
6500,1,13,39,1015,V10.2.1
6500,1,13,40,1015,V10.2.1
6500,1,13,41,1015,V10.2.1
6500,1,13,42,1015,V10.2.1
6500,1,13,43,1015,V10.2.1
6500,1,13,44,1015,V10.2.1
6500,1,13,45,1015,V10.2.1
6500,1,13,46,1024,V10.2.1
6500,1,13,47,1024,V10.2.1
6500,1,13,48,1024,V10.2.1
6500,1,13,49,1024,V10.2.1
6500,1,13,50,1024,V10.2.1
6500,1,13,51,1024,V10.2.1
6500,1,13,52,1024,V10.2.1
6500,1,13,53,1024,V10.2.1
6500,1,13,54,1034,V10.2.1
6500,1,13,55,1024,V10.2.1
6500,1,13,56,976,V10.2.1
6500,1,13,57,946,V10.2.1
6500,1,13,58,927,V10.2.1
6500,1,13,59,878,V10.2.1
6500,1,13,60,839,V10.2.1
6500,1,13,61,810,V10.2.1
6500,1,13,62,771,V10.2.1
6500,1,13,63,771,V10.2.1
6500,1,13,64,771,V10.2.1
6500,1,13,65,771,V10.2.1
6500,1,13,66,771,V10.2.1
6500,1,13,67,780,V10.2.1
6500,1,13,68,780,V10.2.1
6500,1,13,69,780,V10.2.1
6500,1,13,70,780,V10.2.1
6500,1,13,71,780,V10.2.1
6500,1,13,72,780,V10.2.1
6500,1,13,73,780,V10.2.1
6500,1,13,74,780,V10.2.1
6500,1,13,75,722,V10.2.1
6500,1,13,76,663,V10.2.1
6500,1,13,77,624,V10.2.1
6500,1,13,78,624,V10.2.1
6500,1,13,79,634,V10.2.1
6500,1,13,80,634,V10.2.1
6500,1,13,81,653,V10.2.1
6500,1,13,82,761,V10.2.1
6500,1,13,83,1483,V10.2.1
6500,1,13,84,663,V10.2.1
6500,1,13,85,644,V10.2.1
6500,1,13,86,634,V10.2.1
6500,1,13,87,644,V10.2.1
6500,1,13,88,644,V10.2.1
6500,1,13,89,653,V10.2.1
6500,1,13,90,653,V10.2.1
6500,1,13,91,653,V10.2.1
6500,1,13,92,575,V10.2.1
6500,1,13,93,507,V10.2.1
6500,1,13,94,448,V10.2.1
6500,1,13,95,380,V10.2.1
6500,1,13,96,331,V10.2.1
6500,1,13,97,273,V10.2.1
6500,1,13,98,224,V10.2.1
6500,1,13,99,165,V10.2.1
6500,1,13,100,78,V10.2.1
3345,1,6,1,1112,V10.1.0
3345,1,6,2,1112,V10.1.0
3345,1,6,3,1112,V10.1.0
3345,1,6,4,1112,V10.1.0
3345,1,6,5,1112,V10.1.0
3345,1,6,6,1112,V10.1.0
3345,1,6,7,1054,V10.1.0
3345,1,6,8,1005,V10.1.0
3345,1,6,9,1005,V10.1.0
3345,1,6,10,1005,V10.1.0
3345,1,6,11,1015,V10.1.0
3345,1,6,12,1015,V10.1.0
3345,1,6,13,1015,V10.1.0
3345,1,6,14,1015,V10.1.0
3345,1,6,15,1015,V10.1.0
3345,1,6,16,1024,V10.1.0
3345,1,6,17,1024,V10.1.0
3345,1,6,18,1024,V10.1.0
3345,1,6,19,1024,V10.1.0
3345,1,6,20,1024,V10.1.0
3345,1,6,21,1034,V10.1.0
3345,1,6,22,1034,V10.1.0
3345,1,6,23,1034,V10.1.0
3345,1,6,24,1024,V10.1.0
3345,1,6,25,1034,V10.1.0
3345,1,6,26,1034,V10.1.0
3345,1,6,27,1034,V10.1.0
3345,1,6,28,1044,V10.1.0
3345,1,6,29,1044,V10.1.0
3345,1,6,30,1044,V10.1.0
3345,1,6,31,1044,V10.1.0
3345,1,6,32,1044,V10.1.0
3345,1,6,33,1044,V10.1.0
3345,1,6,34,1054,V10.1.0
3345,1,6,35,1044,V10.1.0
3345,1,6,36,1054,V10.1.0
3345,1,6,37,1054,V10.1.0
3345,1,6,38,1054,V10.1.0
3345,1,6,39,1054,V10.1.0
3345,1,6,40,1054,V10.1.0
3345,1,6,41,1054,V10.1.0
3345,1,6,42,1054,V10.1.0
3345,1,6,43,1054,V10.1.0
3345,1,6,44,1054,V10.1.0
3345,1,6,45,1054,V10.1.0
3345,1,6,46,1054,V10.1.0
3345,1,6,47,1063,V10.1.0
3345,1,6,48,1054,V10.1.0
3345,1,6,49,1054,V10.1.0
3345,1,6,50,1029,V10.1.0
3345,1,6,51,1005,V10.1.0
3345,1,6,52,966,V10.1.0
3345,1,6,53,936,V10.1.0
3345,1,6,54,897,V10.1.0
3345,1,6,55,858,V10.1.0
3345,1,6,56,839,V10.1.0
3345,1,6,57,810,V10.1.0
3345,1,6,58,790,V10.1.0
3345,1,6,59,790,V10.1.0
3345,1,6,60,790,V10.1.0
3345,1,6,61,790,V10.1.0
3345,1,6,62,790,V10.1.0
3345,1,6,63,790,V10.1.0
3345,1,6,64,790,V10.1.0
3345,1,6,65,790,V10.1.0
3345,1,6,66,800,V10.1.0
3345,1,6,67,800,V10.1.0
3345,1,6,68,800,V10.1.0
3345,1,6,69,810,V10.1.0
3345,1,6,70,810,V10.1.0
3345,1,6,71,810,V10.1.0
3345,1,6,72,761,V10.1.0
3345,1,6,73,702,V10.1.0
3345,1,6,74,653,V10.1.0
3345,1,6,75,644,V10.1.0
3345,1,6,76,644,V10.1.0
3345,1,6,77,653,V10.1.0
3345,1,6,78,653,V10.1.0
3345,1,6,79,653,V10.1.0
3345,1,6,80,653,V10.1.0
3345,1,6,81,663,V10.1.0
3345,1,6,82,702,V10.1.0
3345,1,6,83,1459,V10.1.0
3345,1,6,84,653,V10.1.0
3345,1,6,85,653,V10.1.0
3345,1,6,86,653,V10.1.0
3345,1,6,87,663,V10.1.0
3345,1,6,88,663,V10.1.0
3345,1,6,89,653,V10.1.0
3345,1,6,90,556,V10.1.0
3345,1,6,91,488,V10.1.0
3345,1,6,92,429,V10.1.0
3345,1,6,93,365.5,V10.1.0
3345,1,6,94,302,V10.1.0
3345,1,6,95,244,V10.1.0
3345,1,6,96,195,V10.1.0
3345,1,6,97,146,V10.1.0
3345,1,6,98,87,V10.1.0
3345,1,6,99,68,V10.1.0
3345,1,6,100,29,V10.1.0
5264,1,9,1,1005,V10.2.1
5264,1,9,2,1005,V10.2.1
5264,1,9,3,1005,V10.2.1
5264,1,9,4,1005,V10.2.1
5264,1,9,5,1005,V10.2.1
5264,1,9,6,1005,V10.2.1
5264,1,9,7,1005,V10.2.1
5264,1,9,8,1005,V10.2.1
5264,1,9,9,1005,V10.2.1
5264,1,9,10,1005,V10.2.1
5264,1,9,11,1015,V10.2.1
5264,1,9,12,1015,V10.2.1
5264,1,9,13,1015,V10.2.1
5264,1,9,14,1015,V10.2.1
5264,1,9,15,1015,V10.2.1
5264,1,9,16,1024,V10.2.1
5264,1,9,17,1024,V10.2.1
5264,1,9,18,1024,V10.2.1
5264,1,9,19,1024,V10.2.1
5264,1,9,20,1024,V10.2.1
5264,1,9,21,1024,V10.2.1
5264,1,9,22,1024,V10.2.1
5264,1,9,23,1024,V10.2.1
5264,1,9,24,1024,V10.2.1
5264,1,9,25,1034,V10.2.1
5264,1,9,26,1034,V10.2.1
5264,1,9,27,1034,V10.2.1
5264,1,9,28,1039,V10.2.1
5264,1,9,29,1034,V10.2.1
5264,1,9,30,1034,V10.2.1
5264,1,9,31,1044,V10.2.1
5264,1,9,32,1044,V10.2.1
5264,1,9,33,1044,V10.2.1
5264,1,9,34,1044,V10.2.1
5264,1,9,35,1044,V10.2.1
5264,1,9,36,1044,V10.2.1
5264,1,9,37,1044,V10.2.1
5264,1,9,38,1044,V10.2.1
5264,1,9,39,1049,V10.2.1
5264,1,9,40,1054,V10.2.1
5264,1,9,41,1054,V10.2.1
5264,1,9,42,1054,V10.2.1
5264,1,9,43,1054,V10.2.1
5264,1,9,44,1054,V10.2.1
5264,1,9,45,1054,V10.2.1
5264,1,9,46,1054,V10.2.1
5264,1,9,47,1054,V10.2.1
5264,1,9,48,1054,V10.2.1
5264,1,9,49,1054,V10.2.1
5264,1,9,50,1054,V10.2.1
5264,1,9,51,1054,V10.2.1
5264,1,9,52,1054,V10.2.1
5264,1,9,53,1054,V10.2.1
5264,1,9,54,1063,V10.2.1
5264,1,9,55,1054,V10.2.1
5264,1,9,56,1063,V10.2.1
5264,1,9,57,1024,V10.2.1
5264,1,9,58,985,V10.2.1
5264,1,9,59,936,V10.2.1
5264,1,9,60,897,V10.2.1
5264,1,9,61,868,V10.2.1
5264,1,9,62,839,V10.2.1
5264,1,9,63,790,V10.2.1
5264,1,9,64,790,V10.2.1
5264,1,9,65,790,V10.2.1
5264,1,9,66,790,V10.2.1
5264,1,9,67,800,V10.2.1
5264,1,9,68,800,V10.2.1
5264,1,9,69,800,V10.2.1
5264,1,9,70,800,V10.2.1
5264,1,9,71,810,V10.2.1
5264,1,9,72,810,V10.2.1
5264,1,9,73,810,V10.2.1
5264,1,9,74,810,V10.2.1
5264,1,9,75,771,V10.2.1
5264,1,9,76,692,V10.2.1
5264,1,9,77,653,V10.2.1
5264,1,9,78,653,V10.2.1
5264,1,9,79,653,V10.2.1
5264,1,9,80,653,V10.2.1
5264,1,9,81,663,V10.2.1
5264,1,9,82,702,V10.2.1
5264,1,9,83,1512,V10.2.1
5264,1,9,84,663,V10.2.1
5264,1,9,85,653,V10.2.1
5264,1,9,86,653,V10.2.1
5264,1,9,87,663,V10.2.1
5264,1,9,88,663,V10.2.1
5264,1,9,89,663,V10.2.1
5264,1,9,90,663,V10.2.1
5264,1,9,91,595,V10.2.1
5264,1,9,92,517,V10.2.1
5264,1,9,93,453,V10.2.1
5264,1,9,94,390,V10.2.1
5264,1,9,95,341,V10.2.1
5264,1,9,96,273,V10.2.1
5264,1,9,97,224,V10.2.1
5264,1,9,98,165,V10.2.1
5264,1,9,99,117,V10.2.1
5264,1,9,100,29,V10.2.1
1845,1,5,1,1083,V10.1.0
1845,1,5,2,1083,V10.1.0
1845,1,5,3,1083,V10.1.0
1845,1,5,4,1083,V10.1.0
1845,1,5,5,1083,V10.1.0
1845,1,5,6,995,V10.1.0
1845,1,5,7,995,V10.1.0
1845,1,5,8,995,V10.1.0
1845,1,5,9,1005,V10.1.0
1845,1,5,10,1005,V10.1.0
1845,1,5,11,1005,V10.1.0
1845,1,5,12,1005,V10.1.0
1845,1,5,13,1005,V10.1.0
1845,1,5,14,1005,V10.1.0
1845,1,5,15,1005,V10.1.0
1845,1,5,16,1005,V10.1.0
1845,1,5,17,1005,V10.1.0
1845,1,5,18,1005,V10.1.0
1845,1,5,19,1015,V10.1.0
1845,1,5,20,1015,V10.1.0
1845,1,5,21,1015,V10.1.0
1845,1,5,22,1015,V10.1.0
1845,1,5,23,1015,V10.1.0
1845,1,5,24,1015,V10.1.0
1845,1,5,25,1015,V10.1.0
1845,1,5,26,1015,V10.1.0
1845,1,5,27,1015,V10.1.0
1845,1,5,28,1024,V10.1.0
1845,1,5,29,1015,V10.1.0
1845,1,5,30,1024,V10.1.0
1845,1,5,31,1024,V10.1.0
1845,1,5,32,1024,V10.1.0
1845,1,5,33,1024,V10.1.0
1845,1,5,34,1024,V10.1.0
1845,1,5,35,1024,V10.1.0
1845,1,5,36,1024,V10.1.0
1845,1,5,37,1024,V10.1.0
1845,1,5,38,1024,V10.1.0
1845,1,5,39,1029,V10.1.0
1845,1,5,40,1024,V10.1.0
1845,1,5,41,1034,V10.1.0
1845,1,5,42,1034,V10.1.0
1845,1,5,43,1034,V10.1.0
1845,1,5,44,1034,V10.1.0
1845,1,5,45,1044,V10.1.0
1845,1,5,46,1044,V10.1.0
1845,1,5,47,1044,V10.1.0
1845,1,5,48,1044,V10.1.0
1845,1,5,49,1044,V10.1.0
1845,1,5,50,1044,V10.1.0
1845,1,5,51,1044,V10.1.0
1845,1,5,52,1044,V10.1.0
1845,1,5,53,1054,V10.1.0
1845,1,5,54,1054,V10.1.0
1845,1,5,55,1054,V10.1.0
1845,1,5,56,1054,V10.1.0
1845,1,5,57,1054,V10.1.0
1845,1,5,58,1034,V10.1.0
1845,1,5,59,976,V10.1.0
1845,1,5,60,936,V10.1.0
1845,1,5,61,888,V10.1.0
1845,1,5,62,849,V10.1.0
1845,1,5,63,790,V10.1.0
1845,1,5,64,790,V10.1.0
1845,1,5,65,790,V10.1.0
1845,1,5,66,790,V10.1.0
1845,1,5,67,790,V10.1.0
1845,1,5,68,790,V10.1.0
1845,1,5,69,800,V10.1.0
1845,1,5,70,800,V10.1.0
1845,1,5,71,800,V10.1.0
1845,1,5,72,810,V10.1.0
1845,1,5,73,810,V10.1.0
1845,1,5,74,810,V10.1.0
1845,1,5,75,771,V10.1.0
1845,1,5,76,702,V10.1.0
1845,1,5,77,644,V10.1.0
1845,1,5,78,634,V10.1.0
1845,1,5,79,639,V10.1.0
1845,1,5,80,644,V10.1.0
1845,1,5,81,653,V10.1.0
1845,1,5,82,687.5,V10.1.0
1845,1,5,83,1493,V10.1.0
1845,1,5,84,658,V10.1.0
1845,1,5,85,653,V10.1.0
1845,1,5,86,653,V10.1.0
1845,1,5,87,653,V10.1.0
1845,1,5,88,653,V10.1.0
1845,1,5,89,653,V10.1.0
1845,1,5,90,653,V10.1.0
1845,1,5,91,614,V10.1.0
1845,1,5,92,536,V10.1.0
1845,1,5,93,453,V10.1.0
1845,1,5,94,390,V10.1.0
1845,1,5,95,322,V10.1.0
1845,1,5,96,263,V10.1.0
1845,1,5,97,209,V10.1.0
1845,1,5,98,156,V10.1.0
1845,1,5,99,107,V10.1.0
1845,1,5,100,29,V10.1.0
8528,1,5,1,1093,V10.1.0
8528,1,5,2,1093,V10.1.0
8528,1,5,3,1093,V10.1.0
8528,1,5,4,1093,V10.1.0
8528,1,5,5,1093,V10.1.0
8528,1,5,6,1093,V10.1.0
8528,1,5,7,1005,V10.1.0
8528,1,5,8,1005,V10.1.0
8528,1,5,9,1005,V10.1.0
8528,1,5,10,1005,V10.1.0
8528,1,5,11,1005,V10.1.0
8528,1,5,12,1005,V10.1.0
8528,1,5,13,1005,V10.1.0
8528,1,5,14,1015,V10.1.0
8528,1,5,15,1015,V10.1.0
8528,1,5,16,1015,V10.1.0
8528,1,5,17,1015,V10.1.0
8528,1,5,18,1015,V10.1.0
8528,1,5,19,1015,V10.1.0
8528,1,5,20,1015,V10.1.0
8528,1,5,21,1015,V10.1.0
8528,1,5,22,1015,V10.1.0
8528,1,5,23,1024,V10.1.0
8528,1,5,24,1024,V10.1.0
8528,1,5,25,1024,V10.1.0
8528,1,5,26,1024,V10.1.0
8528,1,5,27,1024,V10.1.0
8528,1,5,28,1024,V10.1.0
8528,1,5,29,1024,V10.1.0
8528,1,5,30,1024,V10.1.0
8528,1,5,31,1024,V10.1.0
8528,1,5,32,1024,V10.1.0
8528,1,5,33,1034,V10.1.0
8528,1,5,34,1034,V10.1.0
8528,1,5,35,1034,V10.1.0
8528,1,5,36,1034,V10.1.0
8528,1,5,37,1034,V10.1.0
8528,1,5,38,1049,V10.1.0
8528,1,5,39,1044,V10.1.0
8528,1,5,40,1044,V10.1.0
8528,1,5,41,1044,V10.1.0
8528,1,5,42,1044,V10.1.0
8528,1,5,43,1044,V10.1.0
8528,1,5,44,1044,V10.1.0
8528,1,5,45,1054,V10.1.0
8528,1,5,46,1054,V10.1.0
8528,1,5,47,1054,V10.1.0
8528,1,5,48,1054,V10.1.0
8528,1,5,49,1054,V10.1.0
8528,1,5,50,1054,V10.1.0
8528,1,5,51,1054,V10.1.0
8528,1,5,52,1054,V10.1.0
8528,1,5,53,1054,V10.1.0
8528,1,5,54,1054,V10.1.0
8528,1,5,55,1015,V10.1.0
8528,1,5,56,966,V10.1.0
8528,1,5,57,936,V10.1.0
8528,1,5,58,897,V10.1.0
8528,1,5,59,858,V10.1.0
8528,1,5,60,839,V10.1.0
8528,1,5,61,800,V10.1.0
8528,1,5,62,780,V10.1.0
8528,1,5,63,780,V10.1.0
8528,1,5,64,780,V10.1.0
8528,1,5,65,790,V10.1.0
8528,1,5,66,790,V10.1.0
8528,1,5,67,790,V10.1.0
8528,1,5,68,790,V10.1.0
8528,1,5,69,790,V10.1.0
8528,1,5,70,790,V10.1.0
8528,1,5,71,790,V10.1.0
8528,1,5,72,800,V10.1.0
8528,1,5,73,800,V10.1.0
8528,1,5,74,761,V10.1.0
8528,1,5,75,702,V10.1.0
8528,1,5,76,653,V10.1.0
8528,1,5,77,634,V10.1.0
8528,1,5,78,644,V10.1.0
8528,1,5,79,644,V10.1.0
8528,1,5,80,653,V10.1.0
8528,1,5,81,653,V10.1.0
8528,1,5,82,1454,V10.1.0
8528,1,5,83,1473,V10.1.0
8528,1,5,84,653,V10.1.0
8528,1,5,85,653,V10.1.0
8528,1,5,86,653,V10.1.0
8528,1,5,87,653,V10.1.0
8528,1,5,88,653,V10.1.0
8528,1,5,89,653,V10.1.0
8528,1,5,90,644,V10.1.0
8528,1,5,91,556,V10.1.0
8528,1,5,92,492.5,V10.1.0
8528,1,5,93,429,V10.1.0
8528,1,5,94,380,V10.1.0
8528,1,5,95,312,V10.1.0
8528,1,5,96,263,V10.1.0
8528,1,5,97,214,V10.1.0
8528,1,5,98,165,V10.1.0
8528,1,5,99,117,V10.1.0
8528,1,5,100,34,V10.1.0
782,1,5,1,1005,V10.2.1
782,1,5,2,1005,V10.2.1
782,1,5,3,1005,V10.2.1
782,1,5,4,1005,V10.2.1
782,1,5,5,1005,V10.2.1
782,1,5,6,1005,V10.2.1
782,1,5,7,1005,V10.2.1
782,1,5,8,1005,V10.2.1
782,1,5,9,1005,V10.2.1
782,1,5,10,1010,V10.2.1
782,1,5,11,1015,V10.2.1
782,1,5,12,1015,V10.2.1
782,1,5,13,1015,V10.2.1
782,1,5,14,1015,V10.2.1
782,1,5,15,1024,V10.2.1
782,1,5,16,1024,V10.2.1
782,1,5,17,1024,V10.2.1
782,1,5,18,1024,V10.2.1
782,1,5,19,1024,V10.2.1
782,1,5,20,1024,V10.2.1
782,1,5,21,1024,V10.2.1
782,1,5,22,1034,V10.2.1
782,1,5,23,1034,V10.2.1
782,1,5,24,1034,V10.2.1
782,1,5,25,1034,V10.2.1
782,1,5,26,1034,V10.2.1
782,1,5,27,1044,V10.2.1
782,1,5,28,1044,V10.2.1
782,1,5,29,1044,V10.2.1
782,1,5,30,1044,V10.2.1
782,1,5,31,1044,V10.2.1
782,1,5,32,1044,V10.2.1
782,1,5,33,1044,V10.2.1
782,1,5,34,1044,V10.2.1
782,1,5,35,1044,V10.2.1
782,1,5,36,1044,V10.2.1
782,1,5,37,1044,V10.2.1
782,1,5,38,1054,V10.2.1
782,1,5,39,1054,V10.2.1
782,1,5,40,1054,V10.2.1
782,1,5,41,1054,V10.2.1
782,1,5,42,1054,V10.2.1
782,1,5,43,1054,V10.2.1
782,1,5,44,1054,V10.2.1
782,1,5,45,1054,V10.2.1
782,1,5,46,1054,V10.2.1
782,1,5,47,1054,V10.2.1
782,1,5,48,1063,V10.2.1
782,1,5,49,1063,V10.2.1
782,1,5,50,1063,V10.2.1
782,1,5,51,1063,V10.2.1
782,1,5,52,1054,V10.2.1
782,1,5,53,1005,V10.2.1
782,1,5,54,976,V10.2.1
782,1,5,55,936,V10.2.1
782,1,5,56,917,V10.2.1
782,1,5,57,888,V10.2.1
782,1,5,58,858,V10.2.1
782,1,5,59,829,V10.2.1
782,1,5,60,790,V10.2.1
782,1,5,61,790,V10.2.1
782,1,5,62,790,V10.2.1
782,1,5,63,790,V10.2.1
782,1,5,64,790,V10.2.1
782,1,5,65,790,V10.2.1
782,1,5,66,800,V10.2.1
782,1,5,67,800,V10.2.1
782,1,5,68,800,V10.2.1
782,1,5,69,800,V10.2.1
782,1,5,70,810,V10.2.1
782,1,5,71,810,V10.2.1
782,1,5,72,810,V10.2.1
782,1,5,73,810,V10.2.1
782,1,5,74,741,V10.2.1
782,1,5,75,692,V10.2.1
782,1,5,76,634,V10.2.1
782,1,5,77,634,V10.2.1
782,1,5,78,634,V10.2.1
782,1,5,79,644,V10.2.1
782,1,5,80,644,V10.2.1
782,1,5,81,653,V10.2.1
782,1,5,82,692,V10.2.1
782,1,5,83,1171,V10.2.1
782,1,5,84,653,V10.2.1
782,1,5,85,653,V10.2.1
782,1,5,86,653,V10.2.1
782,1,5,87,653,V10.2.1
782,1,5,88,653,V10.2.1
782,1,5,89,653,V10.2.1
782,1,5,90,566,V10.2.1
782,1,5,91,492.5,V10.2.1
782,1,5,92,429,V10.2.1
782,1,5,93,370,V10.2.1
782,1,5,94,312,V10.2.1
782,1,5,95,263,V10.2.1
782,1,5,96,214,V10.2.1
782,1,5,97,146,V10.2.1
782,1,5,98,97,V10.2.1
782,1,5,99,68,V10.2.1
782,1,5,100,29,V10.2.1
1112,1,3,1,1171,V10.1.1
1112,1,3,2,1171,V10.1.1
1112,1,3,3,1171,V10.1.1
1112,1,3,4,1073,V10.1.1
1112,1,3,5,1005,V10.1.1
1112,1,3,6,995,V10.1.1
1112,1,3,7,1005,V10.1.1
1112,1,3,8,1005,V10.1.1
1112,1,3,9,1005,V10.1.1
1112,1,3,10,1005,V10.1.1
1112,1,3,11,1005,V10.1.1
1112,1,3,12,1005,V10.1.1
1112,1,3,13,1015,V10.1.1
1112,1,3,14,1015,V10.1.1
1112,1,3,15,1015,V10.1.1
1112,1,3,16,1015,V10.1.1
1112,1,3,17,1015,V10.1.1
1112,1,3,18,1015,V10.1.1
1112,1,3,19,1024,V10.1.1
1112,1,3,20,1015,V10.1.1
1112,1,3,21,1024,V10.1.1
1112,1,3,22,1024,V10.1.1
1112,1,3,23,1024,V10.1.1
1112,1,3,24,1024,V10.1.1
1112,1,3,25,1024,V10.1.1
1112,1,3,26,1024,V10.1.1
1112,1,3,27,1024,V10.1.1
1112,1,3,28,1024,V10.1.1
1112,1,3,29,1024,V10.1.1
1112,1,3,30,1024,V10.1.1
1112,1,3,31,1024,V10.1.1
1112,1,3,32,1024,V10.1.1
1112,1,3,33,1024,V10.1.1
1112,1,3,34,1034,V10.1.1
1112,1,3,35,1024,V10.1.1
1112,1,3,36,1034,V10.1.1
1112,1,3,37,1034,V10.1.1
1112,1,3,38,1034,V10.1.1
1112,1,3,39,1044,V10.1.1
1112,1,3,40,1044,V10.1.1
1112,1,3,41,1044,V10.1.1
1112,1,3,42,1044,V10.1.1
1112,1,3,43,1044,V10.1.1
1112,1,3,44,1044,V10.1.1
1112,1,3,45,1044,V10.1.1
1112,1,3,46,1044,V10.1.1
1112,1,3,47,1044,V10.1.1
1112,1,3,48,1054,V10.1.1
1112,1,3,49,1054,V10.1.1
1112,1,3,50,1044,V10.1.1
1112,1,3,51,1005,V10.1.1
1112,1,3,52,976,V10.1.1
1112,1,3,53,946,V10.1.1
1112,1,3,54,917,V10.1.1
1112,1,3,55,873,V10.1.1
1112,1,3,56,839,V10.1.1
1112,1,3,57,810,V10.1.1
1112,1,3,58,780,V10.1.1
1112,1,3,59,780,V10.1.1
1112,1,3,60,780,V10.1.1
1112,1,3,61,780,V10.1.1
1112,1,3,62,780,V10.1.1
1112,1,3,63,780,V10.1.1
1112,1,3,64,780,V10.1.1
1112,1,3,65,780,V10.1.1
1112,1,3,66,790,V10.1.1
1112,1,3,67,790,V10.1.1
1112,1,3,68,790,V10.1.1
1112,1,3,69,790,V10.1.1
1112,1,3,70,790,V10.1.1
1112,1,3,71,771,V10.1.1
1112,1,3,72,712,V10.1.1
1112,1,3,73,653,V10.1.1
1112,1,3,74,634,V10.1.1
1112,1,3,75,634,V10.1.1
1112,1,3,76,634,V10.1.1
1112,1,3,77,634,V10.1.1
1112,1,3,78,634,V10.1.1
1112,1,3,79,639,V10.1.1
1112,1,3,80,644,V10.1.1
1112,1,3,81,653,V10.1.1
1112,1,3,82,1185.5,V10.1.1
1112,1,3,83,673,V10.1.1
1112,1,3,84,644,V10.1.1
1112,1,3,85,653,V10.1.1
1112,1,3,86,653,V10.1.1
1112,1,3,87,653,V10.1.1
1112,1,3,88,614,V10.1.1
1112,1,3,89,527,V10.1.1
1112,1,3,90,458,V10.1.1
1112,1,3,91,380,V10.1.1
1112,1,3,92,312,V10.1.1
1112,1,3,93,253,V10.1.1
1112,1,3,94,204,V10.1.1
1112,1,3,95,156,V10.1.1
1112,1,3,96,112,V10.1.1
1112,1,3,97,78,V10.1.1
1112,1,3,98,78,V10.1.1
1112,1,3,99,29,V10.1.1
1112,1,3,100,29,V10.1.1
2227,1,2,1,1131.5,V10.2.1
2227,1,2,2,1131.5,V10.2.1
2227,1,2,3,1131.5,V10.2.1
2227,1,2,4,1131.5,V10.2.1
2227,1,2,5,1131.5,V10.2.1
2227,1,2,6,1093,V10.2.1
2227,1,2,7,995,V10.2.1
2227,1,2,8,995,V10.2.1
2227,1,2,9,995,V10.2.1
2227,1,2,10,995,V10.2.1
2227,1,2,11,995,V10.2.1
2227,1,2,12,995,V10.2.1
2227,1,2,13,1005,V10.2.1
2227,1,2,14,1005,V10.2.1
2227,1,2,15,1005,V10.2.1
2227,1,2,16,1005,V10.2.1
2227,1,2,17,1005,V10.2.1
2227,1,2,18,1005,V10.2.1
2227,1,2,19,1005,V10.2.1
2227,1,2,20,1005,V10.2.1
2227,1,2,21,1005,V10.2.1
2227,1,2,22,1005,V10.2.1
2227,1,2,23,1005,V10.2.1
2227,1,2,24,1005,V10.2.1
2227,1,2,25,1005,V10.2.1
2227,1,2,26,1005,V10.2.1
2227,1,2,27,1015,V10.2.1
2227,1,2,28,1015,V10.2.1
2227,1,2,29,1015,V10.2.1
2227,1,2,30,1015,V10.2.1
2227,1,2,31,1015,V10.2.1
2227,1,2,32,1015,V10.2.1
2227,1,2,33,1015,V10.2.1
2227,1,2,34,1015,V10.2.1
2227,1,2,35,1015,V10.2.1
2227,1,2,36,1015,V10.2.1
2227,1,2,37,1024,V10.2.1
2227,1,2,38,1024,V10.2.1
2227,1,2,39,1024,V10.2.1
2227,1,2,40,1024,V10.2.1
2227,1,2,41,1024,V10.2.1
2227,1,2,42,1024,V10.2.1
2227,1,2,43,1024,V10.2.1
2227,1,2,44,1024,V10.2.1
2227,1,2,45,1034,V10.2.1
2227,1,2,46,1034,V10.2.1
2227,1,2,47,1034,V10.2.1
2227,1,2,48,1034,V10.2.1
2227,1,2,49,1034,V10.2.1
2227,1,2,50,1044,V10.2.1
2227,1,2,51,1044,V10.2.1
2227,1,2,52,1044,V10.2.1
2227,1,2,53,1044,V10.2.1
2227,1,2,54,1044,V10.2.1
2227,1,2,55,1024,V10.2.1
2227,1,2,56,995,V10.2.1
2227,1,2,57,956,V10.2.1
2227,1,2,58,927,V10.2.1
2227,1,2,59,888,V10.2.1
2227,1,2,60,849,V10.2.1
2227,1,2,61,810,V10.2.1
2227,1,2,62,780,V10.2.1
2227,1,2,63,771,V10.2.1
2227,1,2,64,771,V10.2.1
2227,1,2,65,771,V10.2.1
2227,1,2,66,780,V10.2.1
2227,1,2,67,780,V10.2.1
2227,1,2,68,780,V10.2.1
2227,1,2,69,780,V10.2.1
2227,1,2,70,780,V10.2.1
2227,1,2,71,780,V10.2.1
2227,1,2,72,790,V10.2.1
2227,1,2,73,790,V10.2.1
2227,1,2,74,790,V10.2.1
2227,1,2,75,736.5,V10.2.1
2227,1,2,76,663,V10.2.1
2227,1,2,77,634,V10.2.1
2227,1,2,78,634,V10.2.1
2227,1,2,79,634,V10.2.1
2227,1,2,80,634,V10.2.1
2227,1,2,81,653,V10.2.1
2227,1,2,82,653,V10.2.1
2227,1,2,83,1492.5,V10.2.1
2227,1,2,84,634,V10.2.1
2227,1,2,85,639,V10.2.1
2227,1,2,86,644,V10.2.1
2227,1,2,87,644,V10.2.1
2227,1,2,88,653,V10.2.1
2227,1,2,89,653,V10.2.1
2227,1,2,90,653,V10.2.1
2227,1,2,91,614,V10.2.1
2227,1,2,92,536,V10.2.1
2227,1,2,93,468,V10.2.1
2227,1,2,94,400,V10.2.1
2227,1,2,95,351,V10.2.1
2227,1,2,96,302,V10.2.1
2227,1,2,97,244,V10.2.1
2227,1,2,98,195,V10.2.1
2227,1,2,99,146,V10.2.1
2227,1,2,100,78,V10.2.1
7419,1,3,1,1005,V10.2.1
7419,1,3,2,1005,V10.2.1
7419,1,3,3,1005,V10.2.1
7419,1,3,4,995,V10.2.1
7419,1,3,5,995,V10.2.1
7419,1,3,6,1000,V10.2.1
7419,1,3,7,1005,V10.2.1
7419,1,3,8,1005,V10.2.1
7419,1,3,9,1005,V10.2.1
7419,1,3,10,1005,V10.2.1
7419,1,3,11,1005,V10.2.1
7419,1,3,12,1005,V10.2.1
7419,1,3,13,1005,V10.2.1
7419,1,3,14,1005,V10.2.1
7419,1,3,15,1015,V10.2.1
7419,1,3,16,1010,V10.2.1
7419,1,3,17,1015,V10.2.1
7419,1,3,18,1015,V10.2.1
7419,1,3,19,1015,V10.2.1
7419,1,3,20,1015,V10.2.1
7419,1,3,21,1015,V10.2.1
7419,1,3,22,1015,V10.2.1
7419,1,3,23,1015,V10.2.1
7419,1,3,24,1015,V10.2.1
7419,1,3,25,1015,V10.2.1
7419,1,3,26,1015,V10.2.1
7419,1,3,27,1024,V10.2.1
7419,1,3,28,1024,V10.2.1
7419,1,3,29,1024,V10.2.1
7419,1,3,30,1024,V10.2.1
7419,1,3,31,1024,V10.2.1
7419,1,3,32,1024,V10.2.1
7419,1,3,33,1034,V10.2.1
7419,1,3,34,1024,V10.2.1
7419,1,3,35,1034,V10.2.1
7419,1,3,36,1024,V10.2.1
7419,1,3,37,1034,V10.2.1
7419,1,3,38,1034,V10.2.1
7419,1,3,39,1034,V10.2.1
7419,1,3,40,1034,V10.2.1
7419,1,3,41,1034,V10.2.1
7419,1,3,42,1044,V10.2.1
7419,1,3,43,1044,V10.2.1
7419,1,3,44,1044,V10.2.1
7419,1,3,45,1044,V10.2.1
7419,1,3,46,1044,V10.2.1
7419,1,3,47,1044,V10.2.1
7419,1,3,48,1044,V10.2.1
7419,1,3,49,1044,V10.2.1
7419,1,3,50,1054,V10.2.1
7419,1,3,51,1054,V10.2.1
7419,1,3,52,1054,V10.2.1
7419,1,3,53,1054,V10.2.1
7419,1,3,54,1054,V10.2.1
7419,1,3,55,1054,V10.2.1
7419,1,3,56,1054,V10.2.1
7419,1,3,57,1044,V10.2.1
7419,1,3,58,995,V10.2.1
7419,1,3,59,936,V10.2.1
7419,1,3,60,897,V10.2.1
7419,1,3,61,858,V10.2.1
7419,1,3,62,810,V10.2.1
7419,1,3,63,780,V10.2.1
7419,1,3,64,780,V10.2.1
7419,1,3,65,780,V10.2.1
7419,1,3,66,780,V10.2.1
7419,1,3,67,790,V10.2.1
7419,1,3,68,790,V10.2.1
7419,1,3,69,790,V10.2.1
7419,1,3,70,790,V10.2.1
7419,1,3,71,790,V10.2.1
7419,1,3,72,790,V10.2.1
7419,1,3,73,800,V10.2.1
7419,1,3,74,800,V10.2.1
7419,1,3,75,732,V10.2.1
7419,1,3,76,673,V10.2.1
7419,1,3,77,634,V10.2.1
7419,1,3,78,634,V10.2.1
7419,1,3,79,644,V10.2.1
7419,1,3,80,644,V10.2.1
7419,1,3,81,673,V10.2.1
7419,1,3,82,692,V10.2.1
7419,1,3,83,1439,V10.2.1
7419,1,3,84,663,V10.2.1
7419,1,3,85,653,V10.2.1
7419,1,3,86,653,V10.2.1
7419,1,3,87,653,V10.2.1
7419,1,3,88,653,V10.2.1
7419,1,3,89,653,V10.2.1
7419,1,3,90,653,V10.2.1
7419,1,3,91,653,V10.2.1
7419,1,3,92,556,V10.2.1
7419,1,3,93,483,V10.2.1
7419,1,3,94,419,V10.2.1
7419,1,3,95,351,V10.2.1
7419,1,3,96,302,V10.2.1
7419,1,3,97,234,V10.2.1
7419,1,3,98,185,V10.2.1
7419,1,3,99,136,V10.2.1
7419,1,3,100,39,V10.2.1
366,1,9,1,1083,V10.2.1
366,1,9,2,1083,V10.2.1
366,1,9,3,1083,V10.2.1
366,1,9,4,1083,V10.2.1
366,1,9,5,1054,V10.2.1
366,1,9,6,1000,V10.2.1
366,1,9,7,995,V10.2.1
366,1,9,8,1005,V10.2.1
366,1,9,9,1005,V10.2.1
366,1,9,10,1005,V10.2.1
366,1,9,11,1005,V10.2.1
366,1,9,12,1005,V10.2.1
366,1,9,13,1005,V10.2.1
366,1,9,14,1005,V10.2.1
366,1,9,15,1005,V10.2.1
366,1,9,16,1005,V10.2.1
366,1,9,17,1005,V10.2.1
366,1,9,18,1015,V10.2.1
366,1,9,19,1015,V10.2.1
366,1,9,20,1015,V10.2.1
366,1,9,21,1015,V10.2.1
366,1,9,22,1015,V10.2.1
366,1,9,23,1015,V10.2.1
366,1,9,24,1015,V10.2.1
366,1,9,25,1015,V10.2.1
366,1,9,26,1024,V10.2.1
366,1,9,27,1024,V10.2.1
366,1,9,28,1024,V10.2.1
366,1,9,29,1024,V10.2.1
366,1,9,30,1024,V10.2.1
366,1,9,31,1024,V10.2.1
366,1,9,32,1024,V10.2.1
366,1,9,33,1024,V10.2.1
366,1,9,34,1024,V10.2.1
366,1,9,35,1024,V10.2.1
366,1,9,36,1034,V10.2.1
366,1,9,37,1024,V10.2.1
366,1,9,38,1034,V10.2.1
366,1,9,39,1034,V10.2.1
366,1,9,40,1034,V10.2.1
366,1,9,41,1034,V10.2.1
366,1,9,42,1034,V10.2.1
366,1,9,43,1044,V10.2.1
366,1,9,44,1044,V10.2.1
366,1,9,45,1044,V10.2.1
366,1,9,46,1044,V10.2.1
366,1,9,47,1044,V10.2.1
366,1,9,48,1044,V10.2.1
366,1,9,49,1044,V10.2.1
366,1,9,50,1044,V10.2.1
366,1,9,51,1054,V10.2.1
366,1,9,52,1054,V10.2.1
366,1,9,53,1054,V10.2.1
366,1,9,54,1054,V10.2.1
366,1,9,55,1054,V10.2.1
366,1,9,56,1054,V10.2.1
366,1,9,57,1054,V10.2.1
366,1,9,58,1054,V10.2.1
366,1,9,59,1044,V10.2.1
366,1,9,60,995,V10.2.1
366,1,9,61,946,V10.2.1
366,1,9,62,897,V10.2.1
366,1,9,63,858,V10.2.1
366,1,9,64,819,V10.2.1
366,1,9,65,790,V10.2.1
366,1,9,66,790,V10.2.1
366,1,9,67,790,V10.2.1
366,1,9,68,790,V10.2.1
366,1,9,69,800,V10.2.1
366,1,9,70,800,V10.2.1
366,1,9,71,800,V10.2.1
366,1,9,72,800,V10.2.1
366,1,9,73,810,V10.2.1
366,1,9,74,810,V10.2.1
366,1,9,75,810,V10.2.1
366,1,9,76,771,V10.2.1
366,1,9,77,702,V10.2.1
366,1,9,78,653,V10.2.1
366,1,9,79,634,V10.2.1
366,1,9,80,634,V10.2.1
366,1,9,81,653,V10.2.1
366,1,9,82,966,V10.2.1
366,1,9,83,1483,V10.2.1
366,1,9,84,644,V10.2.1
366,1,9,85,644,V10.2.1
366,1,9,86,653,V10.2.1
366,1,9,87,653,V10.2.1
366,1,9,88,653,V10.2.1
366,1,9,89,653,V10.2.1
366,1,9,90,653,V10.2.1
366,1,9,91,653,V10.2.1
366,1,9,92,605,V10.2.1
366,1,9,93,507,V10.2.1
366,1,9,94,448,V10.2.1
366,1,9,95,380,V10.2.1
366,1,9,96,322,V10.2.1
366,1,9,97,263,V10.2.1
366,1,9,98,214,V10.2.1
366,1,9,99,146,V10.2.1
366,1,9,100,78,V10.2.1
6177,1,8,1,1151,V10.2.1
6177,1,8,2,1151,V10.2.1
6177,1,8,3,1151,V10.2.1
6177,1,8,4,1151,V10.2.1
6177,1,8,5,1151,V10.2.1
6177,1,8,6,1015,V10.2.1
6177,1,8,7,1015,V10.2.1
6177,1,8,8,1015,V10.2.1
6177,1,8,9,1015,V10.2.1
6177,1,8,10,1015,V10.2.1
6177,1,8,11,1024,V10.2.1
6177,1,8,12,1024,V10.2.1
6177,1,8,13,1024,V10.2.1
6177,1,8,14,1024,V10.2.1
6177,1,8,15,1034,V10.2.1
6177,1,8,16,1034,V10.2.1
6177,1,8,17,1039,V10.2.1
6177,1,8,18,1034,V10.2.1
6177,1,8,19,1044,V10.2.1
6177,1,8,20,1044,V10.2.1
6177,1,8,21,1044,V10.2.1
6177,1,8,22,1044,V10.2.1
6177,1,8,23,1044,V10.2.1
6177,1,8,24,1044,V10.2.1
6177,1,8,25,1044,V10.2.1
6177,1,8,26,1044,V10.2.1
6177,1,8,27,1044,V10.2.1
6177,1,8,28,1044,V10.2.1
6177,1,8,29,1049,V10.2.1
6177,1,8,30,1054,V10.2.1
6177,1,8,31,1054,V10.2.1
6177,1,8,32,1054,V10.2.1
6177,1,8,33,1054,V10.2.1
6177,1,8,34,1054,V10.2.1
6177,1,8,35,1054,V10.2.1
6177,1,8,36,1054,V10.2.1
6177,1,8,37,1054,V10.2.1
6177,1,8,38,1054,V10.2.1
6177,1,8,39,1054,V10.2.1
6177,1,8,40,1054,V10.2.1
6177,1,8,41,1054,V10.2.1
6177,1,8,42,1054,V10.2.1
6177,1,8,43,1054,V10.2.1
6177,1,8,44,1054,V10.2.1
6177,1,8,45,1054,V10.2.1
6177,1,8,46,1063,V10.2.1
6177,1,8,47,1063,V10.2.1
6177,1,8,48,1063,V10.2.1
6177,1,8,49,1073,V10.2.1
6177,1,8,50,1068,V10.2.1
6177,1,8,51,1073,V10.2.1
6177,1,8,52,1073,V10.2.1
6177,1,8,53,1073,V10.2.1
6177,1,8,54,1073,V10.2.1
6177,1,8,55,1054,V10.2.1
6177,1,8,56,1010,V10.2.1
6177,1,8,57,976,V10.2.1
6177,1,8,58,936,V10.2.1
6177,1,8,59,897,V10.2.1
6177,1,8,60,858,V10.2.1
6177,1,8,61,819,V10.2.1
6177,1,8,62,800,V10.2.1
6177,1,8,63,800,V10.2.1
6177,1,8,64,800,V10.2.1
6177,1,8,65,810,V10.2.1
6177,1,8,66,810,V10.2.1
6177,1,8,67,810,V10.2.1
6177,1,8,68,810,V10.2.1
6177,1,8,69,810,V10.2.1
6177,1,8,70,810,V10.2.1
6177,1,8,71,810,V10.2.1
6177,1,8,72,810,V10.2.1
6177,1,8,73,771,V10.2.1
6177,1,8,74,702,V10.2.1
6177,1,8,75,653,V10.2.1
6177,1,8,76,653,V10.2.1
6177,1,8,77,653,V10.2.1
6177,1,8,78,653,V10.2.1
6177,1,8,79,653,V10.2.1
6177,1,8,80,653,V10.2.1
6177,1,8,81,653,V10.2.1
6177,1,8,82,653,V10.2.1
6177,1,8,83,653,V10.2.1
6177,1,8,84,663,V10.2.1
6177,1,8,85,663,V10.2.1
6177,1,8,86,663,V10.2.1
6177,1,8,87,663,V10.2.1
6177,1,8,88,663,V10.2.1
6177,1,8,89,585,V10.2.1
6177,1,8,90,527,V10.2.1
6177,1,8,91,468,V10.2.1
6177,1,8,92,419,V10.2.1
6177,1,8,93,351,V10.2.1
6177,1,8,94,302,V10.2.1
6177,1,8,95,253,V10.2.1
6177,1,8,96,195,V10.2.1
6177,1,8,97,156,V10.2.1
6177,1,8,98,107,V10.2.1
6177,1,8,99,78,V10.2.1
6177,1,8,100,29,V10.2.1
4028,1,8,1,995,V10.2.1
4028,1,8,2,995,V10.2.1
4028,1,8,3,995,V10.2.1
4028,1,8,4,995,V10.2.1
4028,1,8,5,995,V10.2.1
4028,1,8,6,995,V10.2.1
4028,1,8,7,1005,V10.2.1
4028,1,8,8,1005,V10.2.1
4028,1,8,9,1005,V10.2.1
4028,1,8,10,1005,V10.2.1
4028,1,8,11,1005,V10.2.1
4028,1,8,12,1005,V10.2.1
4028,1,8,13,1005,V10.2.1
4028,1,8,14,1005,V10.2.1
4028,1,8,15,1005,V10.2.1
4028,1,8,16,1005,V10.2.1
4028,1,8,17,1015,V10.2.1
4028,1,8,18,1015,V10.2.1
4028,1,8,19,1015,V10.2.1
4028,1,8,20,1015,V10.2.1
4028,1,8,21,1015,V10.2.1
4028,1,8,22,1015,V10.2.1
4028,1,8,23,1015,V10.2.1
4028,1,8,24,1015,V10.2.1
4028,1,8,25,1024,V10.2.1
4028,1,8,26,1024,V10.2.1
4028,1,8,27,1024,V10.2.1
4028,1,8,28,1024,V10.2.1
4028,1,8,29,1024,V10.2.1
4028,1,8,30,1024,V10.2.1
4028,1,8,31,1024,V10.2.1
4028,1,8,32,1024,V10.2.1
4028,1,8,33,1024,V10.2.1
4028,1,8,34,1024,V10.2.1
4028,1,8,35,1029,V10.2.1
4028,1,8,36,1034,V10.2.1
4028,1,8,37,1034,V10.2.1
4028,1,8,38,1034,V10.2.1
4028,1,8,39,1044,V10.2.1
4028,1,8,40,1034,V10.2.1
4028,1,8,41,1044,V10.2.1
4028,1,8,42,1044,V10.2.1
4028,1,8,43,1044,V10.2.1
4028,1,8,44,1044,V10.2.1
4028,1,8,45,1044,V10.2.1
4028,1,8,46,1044,V10.2.1
4028,1,8,47,1054,V10.2.1
4028,1,8,48,1054,V10.2.1
4028,1,8,49,1054,V10.2.1
4028,1,8,50,1054,V10.2.1
4028,1,8,51,1054,V10.2.1
4028,1,8,52,1054,V10.2.1
4028,1,8,53,1054,V10.2.1
4028,1,8,54,1054,V10.2.1
4028,1,8,55,1054,V10.2.1
4028,1,8,56,1005,V10.2.1
4028,1,8,57,966,V10.2.1
4028,1,8,58,936,V10.2.1
4028,1,8,59,888,V10.2.1
4028,1,8,60,849,V10.2.1
4028,1,8,61,810,V10.2.1
4028,1,8,62,780,V10.2.1
4028,1,8,63,780,V10.2.1
4028,1,8,64,780,V10.2.1
4028,1,8,65,780,V10.2.1
4028,1,8,66,780,V10.2.1
4028,1,8,67,790,V10.2.1
4028,1,8,68,790,V10.2.1
4028,1,8,69,790,V10.2.1
4028,1,8,70,790,V10.2.1
4028,1,8,71,790,V10.2.1
4028,1,8,72,790,V10.2.1
4028,1,8,73,790,V10.2.1
4028,1,8,74,761,V10.2.1
4028,1,8,75,692,V10.2.1
4028,1,8,76,634,V10.2.1
4028,1,8,77,634,V10.2.1
4028,1,8,78,634,V10.2.1
4028,1,8,79,644,V10.2.1
4028,1,8,80,644,V10.2.1
4028,1,8,81,653,V10.2.1
4028,1,8,82,1522,V10.2.1
4028,1,8,83,1444,V10.2.1
4028,1,8,84,653,V10.2.1
4028,1,8,85,653,V10.2.1
4028,1,8,86,653,V10.2.1
4028,1,8,87,653,V10.2.1
4028,1,8,88,653,V10.2.1
4028,1,8,89,624,V10.2.1
4028,1,8,90,541,V10.2.1
4028,1,8,91,468,V10.2.1
4028,1,8,92,409,V10.2.1
4028,1,8,93,341,V10.2.1
4028,1,8,94,292,V10.2.1
4028,1,8,95,234,V10.2.1
4028,1,8,96,185,V10.2.1
4028,1,8,97,146,V10.2.1
4028,1,8,98,97,V10.2.1
4028,1,8,99,87,V10.2.1
4028,1,8,100,29,V10.2.1
4645,1,2,1,1054,V10.1.1
4645,1,2,2,1054,V10.1.1
4645,1,2,3,1054,V10.1.1
4645,1,2,4,1054,V10.1.1
4645,1,2,5,1054,V10.1.1
4645,1,2,6,1054,V10.1.1
4645,1,2,7,1054,V10.1.1
4645,1,2,8,1005,V10.1.1
4645,1,2,9,1005,V10.1.1
4645,1,2,10,1005,V10.1.1
4645,1,2,11,1005,V10.1.1
4645,1,2,12,1005,V10.1.1
4645,1,2,13,1005,V10.1.1
4645,1,2,14,1015,V10.1.1
4645,1,2,15,1015,V10.1.1
4645,1,2,16,1015,V10.1.1
4645,1,2,17,1015,V10.1.1
4645,1,2,18,1015,V10.1.1
4645,1,2,19,1019.5,V10.1.1
4645,1,2,20,1024,V10.1.1
4645,1,2,21,1024,V10.1.1
4645,1,2,22,1024,V10.1.1
4645,1,2,23,1024,V10.1.1
4645,1,2,24,1024,V10.1.1
4645,1,2,25,1024,V10.1.1
4645,1,2,26,1024,V10.1.1
4645,1,2,27,1024,V10.1.1
4645,1,2,28,1024,V10.1.1
4645,1,2,29,1024,V10.1.1
4645,1,2,30,1024,V10.1.1
4645,1,2,31,1034,V10.1.1
4645,1,2,32,1034,V10.1.1
4645,1,2,33,1034,V10.1.1
4645,1,2,34,1034,V10.1.1
4645,1,2,35,1034,V10.1.1
4645,1,2,36,1034,V10.1.1
4645,1,2,37,1044,V10.1.1
4645,1,2,38,1044,V10.1.1
4645,1,2,39,1044,V10.1.1
4645,1,2,40,1044,V10.1.1
4645,1,2,41,1044,V10.1.1
4645,1,2,42,1044,V10.1.1
4645,1,2,43,1044,V10.1.1
4645,1,2,44,1044,V10.1.1
4645,1,2,45,1054,V10.1.1
4645,1,2,46,1054,V10.1.1
4645,1,2,47,1054,V10.1.1
4645,1,2,48,1034,V10.1.1
4645,1,2,49,1005,V10.1.1
4645,1,2,50,966,V10.1.1
4645,1,2,51,936,V10.1.1
4645,1,2,52,917,V10.1.1
4645,1,2,53,888,V10.1.1
4645,1,2,54,858,V10.1.1
4645,1,2,55,829,V10.1.1
4645,1,2,56,790,V10.1.1
4645,1,2,57,771,V10.1.1
4645,1,2,58,780,V10.1.1
4645,1,2,59,780,V10.1.1
4645,1,2,60,780,V10.1.1
4645,1,2,61,780,V10.1.1
4645,1,2,62,780,V10.1.1
4645,1,2,63,780,V10.1.1
4645,1,2,64,780,V10.1.1
4645,1,2,65,780,V10.1.1
4645,1,2,66,790,V10.1.1
4645,1,2,67,790,V10.1.1
4645,1,2,68,790,V10.1.1
4645,1,2,69,790,V10.1.1
4645,1,2,70,790,V10.1.1
4645,1,2,71,751,V10.1.1
4645,1,2,72,692,V10.1.1
4645,1,2,73,653,V10.1.1
4645,1,2,74,634,V10.1.1
4645,1,2,75,634,V10.1.1
4645,1,2,76,634,V10.1.1
4645,1,2,77,644,V10.1.1
4645,1,2,78,644,V10.1.1
4645,1,2,79,644,V10.1.1
4645,1,2,80,644,V10.1.1
4645,1,2,81,653,V10.1.1
4645,1,2,82,1434,V10.1.1
4645,1,2,83,1483,V10.1.1
4645,1,2,84,653,V10.1.1
4645,1,2,85,653,V10.1.1
4645,1,2,86,653,V10.1.1
4645,1,2,87,653,V10.1.1
4645,1,2,88,653,V10.1.1
4645,1,2,89,546,V10.1.1
4645,1,2,90,468,V10.1.1
4645,1,2,91,400,V10.1.1
4645,1,2,92,341,V10.1.1
4645,1,2,93,283,V10.1.1
4645,1,2,94,234,V10.1.1
4645,1,2,95,185,V10.1.1
4645,1,2,96,146,V10.1.1
4645,1,2,97,107,V10.1.1
4645,1,2,98,87,V10.1.1
4645,1,2,99,29,V10.1.1
4645,1,2,100,29,V10.1.1
5524,0.88,476,1,858,V10.2.1
5524,0.88,476,2,858,V10.2.1
5524,0.88,476,3,858,V10.2.1
5524,0.88,476,4,858,V10.2.1
5524,0.88,476,5,858,V10.2.1
5524,0.88,476,6,858,V10.2.1
5524,0.88,476,7,858,V10.2.1
5524,0.88,476,8,858,V10.2.1
5524,0.88,476,9,858,V10.2.1
5524,0.88,476,10,858,V10.2.1
5524,0.88,476,11,858,V10.2.1
5524,0.88,476,12,858,V10.2.1
5524,0.88,476,13,858,V10.2.1
5524,0.88,476,14,858,V10.2.1
5524,0.88,476,15,858,V10.2.1
5524,0.88,476,16,858,V10.2.1
5524,0.88,476,17,858,V10.2.1
5524,0.88,476,18,868,V10.2.1
5524,0.88,476,19,868,V10.2.1
5524,0.88,476,20,868,V10.2.1
5524,0.88,476,21,868,V10.2.1
5524,0.88,476,22,868,V10.2.1
5524,0.88,476,23,868,V10.2.1
5524,0.88,476,24,878,V10.2.1
5524,0.88,476,25,868,V10.2.1
5524,0.88,476,26,868,V10.2.1
5524,0.88,476,27,868,V10.2.1
5524,0.88,476,28,878,V10.2.1
5524,0.88,476,29,878,V10.2.1
5524,0.88,476,30,878,V10.2.1
5524,0.88,476,31,878,V10.2.1
5524,0.88,476,32,878,V10.2.1
5524,0.88,476,33,878,V10.2.1
5524,0.88,476,34,888,V10.2.1
5524,0.88,476,35,878,V10.2.1
5524,0.88,476,36,888,V10.2.1
5524,0.88,476,37,897,V10.2.1
5524,0.88,476,38,888,V10.2.1
5524,0.88,476,39,858,V10.2.1
5524,0.88,476,40,849,V10.2.1
5524,0.88,476,41,829,V10.2.1
5524,0.88,476,42,810,V10.2.1
5524,0.88,476,43,800,V10.2.1
5524,0.88,476,44,780,V10.2.1
5524,0.88,476,45,771,V10.2.1
5524,0.88,476,46,751,V10.2.1
5524,0.88,476,47,741,V10.2.1
5524,0.88,476,48,732,V10.2.1
5524,0.88,476,49,702,V10.2.1
5524,0.88,476,50,692,V10.2.1
5524,0.88,476,51,673,V10.2.1
5524,0.88,476,52,653,V10.2.1
5524,0.88,476,53,653,V10.2.1
5524,0.88,476,54,653,V10.2.1
5524,0.88,476,55,663,V10.2.1
5524,0.88,476,56,663,V10.2.1
5524,0.88,476,57,663,V10.2.1
5524,0.88,476,58,663,V10.2.1
5524,0.88,476,59,663,V10.2.1
5524,0.88,476,60,663,V10.2.1
5524,0.88,476,61,663,V10.2.1
5524,0.88,476,62,663,V10.2.1
5524,0.88,476,63,663,V10.2.1
5524,0.88,476,64,663,V10.2.1
5524,0.88,476,65,663,V10.2.1
5524,0.88,476,66,663,V10.2.1
5524,0.88,476,67,673,V10.2.1
5524,0.88,476,68,673,V10.2.1
5524,0.88,476,69,673,V10.2.1
5524,0.88,476,70,653,V10.2.1
5524,0.88,476,71,624,V10.2.1
5524,0.88,476,72,605,V10.2.1
5524,0.88,476,73,575,V10.2.1
5524,0.88,476,74,546,V10.2.1
5524,0.88,476,75,536,V10.2.1
5524,0.88,476,76,546,V10.2.1
5524,0.88,476,77,546,V10.2.1
5524,0.88,476,78,546,V10.2.1
5524,0.88,476,79,546,V10.2.1
5524,0.88,476,80,546,V10.2.1
5524,0.88,476,81,546,V10.2.1
5524,0.88,476,82,712,V10.2.1
5524,0.88,476,83,1527,V10.2.1
5524,0.88,476,84,546,V10.2.1
5524,0.88,476,85,546,V10.2.1
5524,0.88,476,86,546,V10.2.1
5524,0.88,476,87,546,V10.2.1
5524,0.88,476,88,468,V10.2.1
5524,0.88,476,89,419,V10.2.1
5524,0.88,476,90,380,V10.2.1
5524,0.88,476,91,341,V10.2.1
5524,0.88,476,92,302,V10.2.1
5524,0.88,476,93,273,V10.2.1
5524,0.88,476,94,234,V10.2.1
5524,0.88,476,95,224,V10.2.1
5524,0.88,476,96,185,V10.2.1
5524,0.88,476,97,156,V10.2.1
5524,0.88,476,98,136,V10.2.1
5524,0.88,476,99,107,V10.2.1
5524,0.88,476,100,78,V10.2.1
3582,1,5,1,1093,V10.1.0
3582,1,5,2,1093,V10.1.0
3582,1,5,3,1093,V10.1.0
3582,1,5,4,1093,V10.1.0
3582,1,5,5,1093,V10.1.0
3582,1,5,6,976,V10.1.0
3582,1,5,7,976,V10.1.0
3582,1,5,8,980.5,V10.1.0
3582,1,5,9,985,V10.1.0
3582,1,5,10,995,V10.1.0
3582,1,5,11,995,V10.1.0
3582,1,5,12,995,V10.1.0
3582,1,5,13,995,V10.1.0
3582,1,5,14,995,V10.1.0
3582,1,5,15,995,V10.1.0
3582,1,5,16,995,V10.1.0
3582,1,5,17,1005,V10.1.0
3582,1,5,18,1005,V10.1.0
3582,1,5,19,1005,V10.1.0
3582,1,5,20,1005,V10.1.0
3582,1,5,21,1005,V10.1.0
3582,1,5,22,1005,V10.1.0
3582,1,5,23,1005,V10.1.0
3582,1,5,24,1005,V10.1.0
3582,1,5,25,1005,V10.1.0
3582,1,5,26,1005,V10.1.0
3582,1,5,27,1005,V10.1.0
3582,1,5,28,1005,V10.1.0
3582,1,5,29,1005,V10.1.0
3582,1,5,30,1005,V10.1.0
3582,1,5,31,1005,V10.1.0
3582,1,5,32,1005,V10.1.0
3582,1,5,33,1005,V10.1.0
3582,1,5,34,1015,V10.1.0
3582,1,5,35,1005,V10.1.0
3582,1,5,36,1015,V10.1.0
3582,1,5,37,1015,V10.1.0
3582,1,5,38,1015,V10.1.0
3582,1,5,39,1015,V10.1.0
3582,1,5,40,1015,V10.1.0
3582,1,5,41,1015,V10.1.0
3582,1,5,42,1015,V10.1.0
3582,1,5,43,1015,V10.1.0
3582,1,5,44,1015,V10.1.0
3582,1,5,45,1024,V10.1.0
3582,1,5,46,1015,V10.1.0
3582,1,5,47,1024,V10.1.0
3582,1,5,48,1024,V10.1.0
3582,1,5,49,1024,V10.1.0
3582,1,5,50,1024,V10.1.0
3582,1,5,51,1024,V10.1.0
3582,1,5,52,1024,V10.1.0
3582,1,5,53,1005,V10.1.0
3582,1,5,54,971,V10.1.0
3582,1,5,55,946,V10.1.0
3582,1,5,56,917,V10.1.0
3582,1,5,57,888,V10.1.0
3582,1,5,58,858,V10.1.0
3582,1,5,59,819,V10.1.0
3582,1,5,60,780,V10.1.0
3582,1,5,61,771,V10.1.0
3582,1,5,62,771,V10.1.0
3582,1,5,63,771,V10.1.0
3582,1,5,64,771,V10.1.0
3582,1,5,65,771,V10.1.0
3582,1,5,66,771,V10.1.0
3582,1,5,67,771,V10.1.0
3582,1,5,68,780,V10.1.0
3582,1,5,69,780,V10.1.0
3582,1,5,70,780,V10.1.0
3582,1,5,71,780,V10.1.0
3582,1,5,72,780,V10.1.0
3582,1,5,73,780,V10.1.0
3582,1,5,74,732,V10.1.0
3582,1,5,75,683,V10.1.0
3582,1,5,76,624,V10.1.0
3582,1,5,77,624,V10.1.0
3582,1,5,78,624,V10.1.0
3582,1,5,79,624,V10.1.0
3582,1,5,80,629,V10.1.0
3582,1,5,81,644,V10.1.0
3582,1,5,82,990.5,V10.1.0
3582,1,5,83,1522,V10.1.0
3582,1,5,84,634,V10.1.0
3582,1,5,85,634,V10.1.0
3582,1,5,86,634,V10.1.0
3582,1,5,87,634,V10.1.0
3582,1,5,88,634,V10.1.0
3582,1,5,89,644,V10.1.0
3582,1,5,90,605,V10.1.0
3582,1,5,91,517,V10.1.0
3582,1,5,92,448,V10.1.0
3582,1,5,93,380,V10.1.0
3582,1,5,94,322,V10.1.0
3582,1,5,95,273,V10.1.0
3582,1,5,96,224,V10.1.0
3582,1,5,97,165,V10.1.0
3582,1,5,98,117,V10.1.0
3582,1,5,99,87,V10.1.0
3582,1,5,100,29,V10.1.0
7628,1,61,1,1083,V10.2.1
7628,1,61,2,1083,V10.2.1
7628,1,61,3,1083,V10.2.1
7628,1,61,4,1083,V10.2.1
7628,1,61,5,1083,V10.2.1
7628,1,61,6,1083,V10.2.1
7628,1,61,7,1083,V10.2.1
7628,1,61,8,1083,V10.2.1
7628,1,61,9,1015,V10.2.1
7628,1,61,10,1015,V10.2.1
7628,1,61,11,1019.5,V10.2.1
7628,1,61,12,1024,V10.2.1
7628,1,61,13,1024,V10.2.1
7628,1,61,14,1024,V10.2.1
7628,1,61,15,1024,V10.2.1
7628,1,61,16,1024,V10.2.1
7628,1,61,17,1034,V10.2.1
7628,1,61,18,1034,V10.2.1
7628,1,61,19,1034,V10.2.1
7628,1,61,20,1034,V10.2.1
7628,1,61,21,1044,V10.2.1
7628,1,61,22,1044,V10.2.1
7628,1,61,23,1073,V10.2.1
7628,1,61,24,1044,V10.2.1
7628,1,61,25,1044,V10.2.1
7628,1,61,26,1044,V10.2.1
7628,1,61,27,1044,V10.2.1
7628,1,61,28,1044,V10.2.1
7628,1,61,29,1044,V10.2.1
7628,1,61,30,1083,V10.2.1
7628,1,61,31,1083,V10.2.1
7628,1,61,32,1093,V10.2.1
7628,1,61,33,1054,V10.2.1
7628,1,61,34,1054,V10.2.1
7628,1,61,35,1054,V10.2.1
7628,1,61,36,1054,V10.2.1
7628,1,61,37,1054,V10.2.1
7628,1,61,38,1054,V10.2.1
7628,1,61,39,1054,V10.2.1
7628,1,61,40,1054,V10.2.1
7628,1,61,41,1054,V10.2.1
7628,1,61,42,1054,V10.2.1
7628,1,61,43,1054,V10.2.1
7628,1,61,44,1054,V10.2.1
7628,1,61,45,1083,V10.2.1
7628,1,61,46,1054,V10.2.1
7628,1,61,47,1054,V10.2.1
7628,1,61,48,1054,V10.2.1
7628,1,61,49,1054,V10.2.1
7628,1,61,50,1063,V10.2.1
7628,1,61,51,1063,V10.2.1
7628,1,61,52,1068,V10.2.1
7628,1,61,53,1073,V10.2.1
7628,1,61,54,1054,V10.2.1
7628,1,61,55,1015,V10.2.1
7628,1,61,56,976,V10.2.1
7628,1,61,57,946,V10.2.1
7628,1,61,58,917,V10.2.1
7628,1,61,59,878,V10.2.1
7628,1,61,60,853.5,V10.2.1
7628,1,61,61,810,V10.2.1
7628,1,61,62,790,V10.2.1
7628,1,61,63,790,V10.2.1
7628,1,61,64,790,V10.2.1
7628,1,61,65,790,V10.2.1
7628,1,61,66,790,V10.2.1
7628,1,61,67,790,V10.2.1
7628,1,61,68,790,V10.2.1
7628,1,61,69,800,V10.2.1
7628,1,61,70,790,V10.2.1
7628,1,61,71,810,V10.2.1
7628,1,61,72,810,V10.2.1
7628,1,61,73,800,V10.2.1
7628,1,61,74,697,V10.2.1
7628,1,61,75,653,V10.2.1
7628,1,61,76,653,V10.2.1
7628,1,61,77,653,V10.2.1
7628,1,61,78,653,V10.2.1
7628,1,61,79,653,V10.2.1
7628,1,61,80,653,V10.2.1
7628,1,61,81,668,V10.2.1
7628,1,61,82,1180,V10.2.1
7628,1,61,83,1468.5,V10.2.1
7628,1,61,84,692,V10.2.1
7628,1,61,85,692,V10.2.1
7628,1,61,86,653,V10.2.1
7628,1,61,87,663,V10.2.1
7628,1,61,88,663,V10.2.1
7628,1,61,89,663,V10.2.1
7628,1,61,90,629,V10.2.1
7628,1,61,91,546,V10.2.1
7628,1,61,92,478,V10.2.1
7628,1,61,93,429,V10.2.1
7628,1,61,94,370,V10.2.1
7628,1,61,95,302,V10.2.1
7628,1,61,96,253,V10.2.1
7628,1,61,97,204,V10.2.1
7628,1,61,98,146,V10.2.1
7628,1,61,99,107,V10.2.1
7628,1,61,100,29,V10.2.1